,timestamp_iso,sample_rh,sample_temp,opc_pm25,opc_pm10
75,2025-10-26 19:00:00+00:00,29.94,20.4,0.916,16.169
76,2025-10-26 19:00:05+00:00,30.91,20.4,1.193,2.159
77,2025-10-26 19:00:10+00:00,32.49,20.43,0.161,0.161
78,2025-10-26 19:00:15+00:00,31.58,20.39,0.58,0.614
79,2025-10-26 19:00:20+00:00,30.54,20.39,0.174,0.174
80,2025-10-26 19:00:25+00:00,29.57,20.42,0.233,0.233
81,2025-10-26 19:00:30+00:00,29.72,20.36,0.146,0.146
82,2025-10-26 19:00:35+00:00,29.56,20.36,0.137,0.137
83,2025-10-26 19:00:40+00:00,29.27,20.38,0.232,0.233
84,2025-10-26 19:00:45+00:00,28.88,20.36,0.185,0.185
85,2025-10-26 19:00:50+00:00,28.35,20.36,0.793,1.024
86,2025-10-26 19:00:55+00:00,28.29,20.33,0.207,0.207
87,2025-10-26 19:01:00+00:00,28.15,20.35,0.237,0.237
88,2025-10-26 19:01:05+00:00,27.27,20.36,0.211,0.212
89,2025-10-26 19:01:10+00:00,26.79,20.33,0.12,0.12
90,2025-10-26 19:01:15+00:00,26.97,20.32,0.156,0.156
91,2025-10-26 19:01:20+00:00,27.92,20.35,0.646,0.868
92,2025-10-26 19:01:25+00:00,28.93,20.33,0.123,0.123
93,2025-10-26 19:01:30+00:00,30.84,20.38,0.149,0.149
94,2025-10-26 19:01:35+00:00,32.72,20.38,0.164,0.164
95,2025-10-26 19:01:40+00:00,31.39,20.36,0.147,0.147
96,2025-10-26 19:01:45+00:00,30.41,20.38,0.18,0.18
97,2025-10-26 19:01:50+00:00,30.62,20.38,0.132,0.132
98,2025-10-26 19:01:55+00:00,32.15,20.38,0.523,0.556
99,2025-10-26 19:02:00+00:00,33.29,20.38,0.169,0.169
100,2025-10-26 19:02:05+00:00,32.86,20.35,0.117,0.117
101,2025-10-26 19:02:10+00:00,32.55,20.35,0.163,0.163
102,2025-10-26 19:02:15+00:00,30.73,20.35,0.1,0.1
103,2025-10-26 19:02:20+00:00,28.8,20.33,0.28,0.284
104,2025-10-26 19:02:25+00:00,27.61,20.35,0.124,0.124
105,2025-10-26 19:02:30+00:00,28.03,20.35,0.28,0.284
106,2025-10-26 19:02:35+00:00,29.68,20.33,0.987,1.922
107,2025-10-26 19:02:40+00:00,30.62,20.35,0.214,0.214
108,2025-10-26 19:02:45+00:00,31.17,20.38,0.177,0.177
109,2025-10-26 19:02:50+00:00,31.79,20.35,0.454,0.486
110,2025-10-26 19:02:55+00:00,29.42,20.36,0.316,0.32
111,2025-10-26 19:03:00+00:00,29.04,20.36,0.268,0.269
112,2025-10-26 19:03:05+00:00,29.88,20.36,0.286,0.29
113,2025-10-26 19:03:10+00:00,30.74,20.36,0.182,0.182
114,2025-10-26 19:03:15+00:00,30.42,20.36,0.374,0.406
115,2025-10-26 19:03:20+00:00,32.18,20.38,0.106,0.106
116,2025-10-26 19:03:25+00:00,33.49,20.36,0.254,0.258
117,2025-10-26 19:03:30+00:00,32.43,20.36,0.102,0.102
118,2025-10-26 19:03:35+00:00,29.89,20.36,0.149,0.149
119,2025-10-26 19:03:40+00:00,29.54,20.38,0.115,0.115
120,2025-10-26 19:03:45+00:00,29.99,20.38,0.684,0.899
121,2025-10-26 19:03:50+00:00,29.17,20.36,0.196,0.196
122,2025-10-26 19:03:55+00:00,28.36,20.38,0.47,0.502
123,2025-10-26 19:04:00+00:00,29.04,20.39,0.149,0.149
124,2025-10-26 19:04:05+00:00,28.82,20.38,0.131,0.131
125,2025-10-26 19:04:10+00:00,29.59,20.39,0.114,0.114
126,2025-10-26 19:04:15+00:00,30.13,20.39,0.221,0.221
127,2025-10-26 19:04:20+00:00,30.1,20.39,0.178,0.178
128,2025-10-26 19:04:25+00:00,30.27,20.4,1.181,4.103
129,2025-10-26 19:04:30+00:00,30.21,20.4,0.207,0.207
130,2025-10-26 19:04:35+00:00,30.88,20.39,1.03,1.931
131,2025-10-26 19:04:40+00:00,32.25,20.38,0.351,0.355
132,2025-10-26 19:04:45+00:00,31.89,20.39,0.141,0.141
133,2025-10-26 19:04:50+00:00,31.21,20.39,0.29,0.294
134,2025-10-26 19:04:55+00:00,32.09,20.39,0.133,0.133
135,2025-10-26 19:05:00+00:00,32.3,20.4,0.091,0.091
136,2025-10-26 19:05:05+00:00,31.36,20.4,0.203,0.203
137,2025-10-26 19:05:10+00:00,29.78,20.39,0.076,0.076
138,2025-10-26 19:05:15+00:00,30.15,20.4,0.105,0.105
139,2025-10-26 19:05:20+00:00,29.72,20.4,0.494,0.524
140,2025-10-26 19:05:25+00:00,30.15,20.43,0.108,0.108
141,2025-10-26 19:05:30+00:00,30.35,20.39,0.631,0.692
142,2025-10-26 19:05:35+00:00,31.01,20.43,0.147,0.147
143,2025-10-26 19:05:40+00:00,30.97,20.43,0.144,0.144
144,2025-10-26 19:05:45+00:00,31.53,20.43,0.489,0.52
145,2025-10-26 19:05:50+00:00,31.48,20.42,0.117,0.117
146,2025-10-26 19:05:55+00:00,29.48,20.45,0.393,0.424
147,2025-10-26 19:06:00+00:00,28.49,20.43,0.34,0.37
148,2025-10-26 19:06:05+00:00,29.08,20.45,0.125,0.125
149,2025-10-26 19:06:10+00:00,29.9,20.46,0.806,1.009
150,2025-10-26 19:06:15+00:00,29.98,20.45,0.085,0.085
151,2025-10-26 19:06:20+00:00,29.69,20.46,0.312,0.316
152,2025-10-26 19:06:25+00:00,29.08,20.46,0.218,0.218
153,2025-10-26 19:06:30+00:00,29.3,20.45,0.127,0.127
154,2025-10-26 19:06:35+00:00,29.33,20.46,0.147,0.147
155,2025-10-26 19:06:40+00:00,29.67,20.45,0.113,0.113
156,2025-10-26 19:06:45+00:00,29.4,20.47,0.132,0.132
157,2025-10-26 19:06:50+00:00,28.95,20.47,0.164,0.164
158,2025-10-26 19:06:55+00:00,29.03,20.43,1.039,1.919
159,2025-10-26 19:07:00+00:00,28.37,20.45,0.182,0.182
160,2025-10-26 19:07:05+00:00,28.3,20.49,2.59,37.588
161,2025-10-26 19:07:10+00:00,28.34,20.49,0.468,0.498
162,2025-10-26 19:07:15+00:00,28.48,20.47,0.129,0.129
163,2025-10-26 19:07:20+00:00,28.23,20.47,0.154,0.154
164,2025-10-26 19:07:25+00:00,27.6,20.47,0.126,0.126
165,2025-10-26 19:07:30+00:00,28.03,20.47,0.409,0.439
166,2025-10-26 19:07:35+00:00,28.31,20.47,0.174,0.174
167,2025-10-26 19:07:40+00:00,29.42,20.49,0.23,0.23
168,2025-10-26 19:07:45+00:00,31.53,20.5,0.283,0.283
169,2025-10-26 19:07:50+00:00,31.77,20.5,0.936,1.794
170,2025-10-26 19:07:55+00:00,30.48,20.49,0.921,1.779
171,2025-10-26 19:08:00+00:00,29.11,20.5,0.088,0.088
172,2025-10-26 19:08:05+00:00,28.64,20.52,0.117,0.117
173,2025-10-26 19:08:10+00:00,29.96,20.55,0.876,3.625
174,2025-10-26 19:08:15+00:00,32.67,20.56,0.231,0.231
175,2025-10-26 19:08:20+00:00,31.14,20.56,0.228,0.228
176,2025-10-26 19:08:25+00:00,30.5,20.56,0.143,0.143
177,2025-10-26 19:08:30+00:00,29.76,20.55,0.339,0.343
178,2025-10-26 19:08:35+00:00,29.01,20.56,0.116,0.116
179,2025-10-26 19:08:40+00:00,29.63,20.59,0.214,0.215
180,2025-10-26 19:08:45+00:00,29.08,20.57,0.823,3.49
181,2025-10-26 19:08:50+00:00,28.34,20.59,0.155,0.155
182,2025-10-26 19:08:55+00:00,27.54,20.59,0.117,0.117
183,2025-10-26 19:09:00+00:00,28.64,20.6,0.174,0.174
184,2025-10-26 19:09:05+00:00,29.99,20.62,0.199,0.199
185,2025-10-26 19:09:10+00:00,29.23,20.62,0.168,0.168
186,2025-10-26 19:09:15+00:00,28.62,20.63,0.595,7.489
187,2025-10-26 19:09:20+00:00,29.1,20.65,0.811,1.009
188,2025-10-26 19:09:25+00:00,29.49,20.6,0.171,0.171
189,2025-10-26 19:09:30+00:00,28.94,20.62,0.275,0.276
190,2025-10-26 19:09:35+00:00,28.99,20.63,0.175,0.175
191,2025-10-26 19:09:40+00:00,28.81,20.66,0.815,1.664
192,2025-10-26 19:09:45+00:00,28.27,20.67,0.441,0.47
193,2025-10-26 19:09:50+00:00,27.93,20.66,0.171,0.171
194,2025-10-26 19:09:55+00:00,27.49,20.63,0.129,0.129
195,2025-10-26 19:10:00+00:00,27.5,20.66,0.165,0.165
196,2025-10-26 19:10:05+00:00,27.32,20.66,0.134,0.134
197,2025-10-26 19:10:10+00:00,27.47,20.65,0.225,0.225
198,2025-10-26 19:10:15+00:00,27.31,20.66,0.817,3.51
199,2025-10-26 19:10:20+00:00,27.77,20.66,0.183,0.183
200,2025-10-26 19:10:25+00:00,28.15,20.65,0.085,0.085
201,2025-10-26 19:10:30+00:00,27.83,20.67,1.112,1.993
202,2025-10-26 19:10:35+00:00,27.3,20.66,0.142,0.142
203,2025-10-26 19:10:40+00:00,27.46,20.67,0.497,13.935
204,2025-10-26 19:10:45+00:00,27.64,20.69,0.715,0.911
205,2025-10-26 19:10:50+00:00,28.19,20.69,0.086,0.086
206,2025-10-26 19:10:55+00:00,28.98,20.69,0.216,0.217
207,2025-10-26 19:11:00+00:00,28.15,20.7,0.182,0.182
208,2025-10-26 19:11:05+00:00,27.61,20.73,0.201,0.201
209,2025-10-26 19:11:10+00:00,27.61,20.75,0.154,0.154
210,2025-10-26 19:11:15+00:00,27.88,20.72,0.355,0.385
211,2025-10-26 19:11:20+00:00,28.54,20.73,2.318,6.074
212,2025-10-26 19:11:25+00:00,28.65,20.76,2.317,5.478
213,2025-10-26 19:11:30+00:00,28.9,20.76,1.391,2.453
214,2025-10-26 19:11:35+00:00,28.09,20.75,0.336,0.337
215,2025-10-26 19:11:40+00:00,28.18,20.75,0.24,0.24
216,2025-10-26 19:11:45+00:00,28.06,20.76,0.145,0.145
217,2025-10-26 19:11:50+00:00,28.35,20.75,0.13,0.13
218,2025-10-26 19:11:55+00:00,28.18,20.79,0.347,0.348
219,2025-10-26 19:12:00+00:00,27.94,20.77,0.119,0.119
220,2025-10-26 19:12:05+00:00,27.22,20.79,0.277,0.277
221,2025-10-26 19:12:10+00:00,28.04,20.82,0.211,0.211
222,2025-10-26 19:12:15+00:00,27.67,20.8,0.146,0.146
223,2025-10-26 19:12:20+00:00,27.41,20.82,0.172,0.172
224,2025-10-26 19:12:25+00:00,26.81,20.79,0.671,8.527
225,2025-10-26 19:12:30+00:00,26.61,20.77,0.161,0.161
226,2025-10-26 19:12:35+00:00,26.7,20.79,0.193,0.193
227,2025-10-26 19:12:40+00:00,27.31,20.8,0.187,0.187
228,2025-10-26 19:12:45+00:00,27.44,20.77,0.974,4.029
229,2025-10-26 19:12:50+00:00,27.76,20.82,0.262,0.262
230,2025-10-26 19:12:55+00:00,28.11,20.77,0.239,0.24
231,2025-10-26 19:13:00+00:00,28.86,20.82,0.445,0.478
232,2025-10-26 19:13:05+00:00,28.92,20.82,0.095,0.095
233,2025-10-26 19:13:10+00:00,28.18,20.8,0.264,0.265
234,2025-10-26 19:13:15+00:00,27.14,20.83,0.943,3.947
235,2025-10-26 19:13:20+00:00,26.69,20.83,0.243,0.247
236,2025-10-26 19:13:25+00:00,27.25,20.82,0.139,0.139
237,2025-10-26 19:13:30+00:00,26.85,20.83,0.649,0.868
238,2025-10-26 19:13:35+00:00,26.2,20.84,0.241,0.245
239,2025-10-26 19:13:40+00:00,26.07,20.86,0.169,0.17
240,2025-10-26 19:13:45+00:00,28.36,20.84,0.432,0.465
241,2025-10-26 19:13:50+00:00,29.76,20.86,1.678,5.655
242,2025-10-26 19:13:55+00:00,30.99,20.87,0.711,0.777
243,2025-10-26 19:14:00+00:00,32.58,20.89,0.926,3.93
244,2025-10-26 19:14:05+00:00,34.16,20.9,0.166,0.166
245,2025-10-26 19:14:10+00:00,34.21,20.91,0.151,0.151
246,2025-10-26 19:14:15+00:00,33.45,20.9,0.421,0.429
247,2025-10-26 19:14:20+00:00,32.63,20.91,0.234,0.234
248,2025-10-26 19:14:25+00:00,33.41,20.9,0.367,0.371
249,2025-10-26 19:14:30+00:00,32.55,20.89,0.269,0.269
250,2025-10-26 19:14:35+00:00,30.11,20.9,1.032,1.27
251,2025-10-26 19:14:40+00:00,29.75,20.91,0.892,1.794
252,2025-10-26 19:14:45+00:00,30.25,20.91,0.763,33.552
253,2025-10-26 19:14:50+00:00,30.69,20.93,0.195,0.195
254,2025-10-26 19:14:55+00:00,30.07,20.9,0.461,0.492
255,2025-10-26 19:15:00+00:00,28.69,20.91,0.195,0.195
256,2025-10-26 19:15:05+00:00,28.46,20.91,0.138,0.138
257,2025-10-26 19:15:10+00:00,28.39,20.9,0.159,0.159
258,2025-10-26 19:15:15+00:00,28.06,20.89,0.126,0.126
259,2025-10-26 19:15:20+00:00,28.06,20.9,0.176,0.176
260,2025-10-26 19:15:25+00:00,28.61,20.91,0.223,0.223
261,2025-10-26 19:15:30+00:00,30.2,20.91,0.114,0.114
262,2025-10-26 19:15:35+00:00,31.29,20.91,1.196,39.367
263,2025-10-26 19:15:40+00:00,33.05,20.91,0.226,0.23
264,2025-10-26 19:15:45+00:00,31.87,20.91,0.213,0.213
265,2025-10-26 19:15:50+00:00,30.7,20.91,0.128,0.128
266,2025-10-26 19:15:55+00:00,29.95,20.94,0.236,0.236
267,2025-10-26 19:16:00+00:00,30.94,20.91,0.198,0.199
268,2025-10-26 19:16:05+00:00,29.04,20.9,0.114,0.114
269,2025-10-26 19:16:10+00:00,28.21,20.87,1.233,8.684
270,2025-10-26 19:16:15+00:00,28.39,20.91,0.191,0.191
271,2025-10-26 19:16:20+00:00,29.14,20.91,0.18,0.18
272,2025-10-26 19:16:25+00:00,30.02,20.93,1.166,16.177
273,2025-10-26 19:16:30+00:00,31.04,20.93,0.135,0.135
274,2025-10-26 19:16:35+00:00,30.11,20.94,0.133,0.133
275,2025-10-26 19:16:40+00:00,30.73,20.94,0.924,22.04
276,2025-10-26 19:16:45+00:00,31.4,20.96,1.603,3.368
277,2025-10-26 19:16:50+00:00,30.43,20.94,0.163,0.163
278,2025-10-26 19:16:55+00:00,29.35,20.93,0.868,1.744
279,2025-10-26 19:17:00+00:00,28.2,20.91,0.419,0.449
280,2025-10-26 19:17:05+00:00,30.1,20.91,0.122,0.122
281,2025-10-26 19:17:10+00:00,30.42,20.94,0.635,0.832
282,2025-10-26 19:17:15+00:00,29.6,20.91,0.653,0.69
283,2025-10-26 19:17:20+00:00,28.6,20.91,0.206,0.206
284,2025-10-26 19:17:25+00:00,27.76,20.91,0.109,0.109
285,2025-10-26 19:17:30+00:00,26.6,20.9,0.279,0.282
286,2025-10-26 19:17:35+00:00,26.82,20.91,0.164,0.164
287,2025-10-26 19:17:40+00:00,27.12,20.91,0.137,0.137
288,2025-10-26 19:17:45+00:00,28.03,20.9,0.251,0.255
289,2025-10-26 19:17:50+00:00,28.45,20.91,0.175,0.175
290,2025-10-26 19:17:55+00:00,28.61,20.93,1.092,1.971
291,2025-10-26 19:18:00+00:00,27.45,20.89,1.187,1.58
292,2025-10-26 19:18:05+00:00,27.4,20.93,0.163,0.163
293,2025-10-26 19:18:10+00:00,27.11,20.9,0.087,0.087
294,2025-10-26 19:18:15+00:00,26.89,20.9,0.611,0.808
295,2025-10-26 19:18:20+00:00,26.91,20.89,0.053,0.053
296,2025-10-26 19:18:25+00:00,27.46,20.86,0.16,0.16
297,2025-10-26 19:18:30+00:00,26.32,20.89,0.167,0.167
298,2025-10-26 19:18:35+00:00,26.78,20.84,0.58,0.777
299,2025-10-26 19:18:40+00:00,26.8,20.84,0.406,0.411
300,2025-10-26 19:18:45+00:00,26.12,20.86,0.598,0.794
301,2025-10-26 19:18:50+00:00,25.89,20.84,0.607,0.667
302,2025-10-26 19:18:55+00:00,26.06,20.84,0.111,0.111
303,2025-10-26 19:19:00+00:00,26.83,20.82,0.184,0.184
304,2025-10-26 19:19:05+00:00,26.29,20.79,0.064,0.064
305,2025-10-26 19:19:10+00:00,25.76,20.79,0.178,0.178
306,2025-10-26 19:19:15+00:00,25.61,20.77,0.144,0.144
307,2025-10-26 19:19:20+00:00,25.76,20.77,0.802,1.658
308,2025-10-26 19:19:25+00:00,26.58,20.79,0.111,0.111
309,2025-10-26 19:19:30+00:00,28.68,20.75,0.138,0.138
310,2025-10-26 19:19:35+00:00,29.97,20.75,0.122,0.122
311,2025-10-26 19:19:40+00:00,28.61,20.75,1.311,2.374
312,2025-10-26 19:19:45+00:00,27.8,20.76,1.335,2.233
313,2025-10-26 19:19:50+00:00,27.32,20.7,0.712,0.909
314,2025-10-26 19:19:55+00:00,27.16,20.72,0.785,1.645
315,2025-10-26 19:20:00+00:00,27.59,20.7,0.142,0.142
316,2025-10-26 19:20:05+00:00,27.48,20.67,0.147,0.148
317,2025-10-26 19:20:10+00:00,27.1,20.69,0.151,0.151
318,2025-10-26 19:20:15+00:00,27.46,20.67,0.415,0.445
319,2025-10-26 19:20:20+00:00,27.53,20.66,0.141,0.141
320,2025-10-26 19:20:25+00:00,27.46,20.67,0.199,0.203
321,2025-10-26 19:20:30+00:00,27.37,20.66,0.172,0.172
322,2025-10-26 19:20:35+00:00,28.15,20.66,0.399,0.4
323,2025-10-26 19:20:40+00:00,27.82,20.66,1.112,1.504
324,2025-10-26 19:20:45+00:00,27.28,20.65,0.151,0.151
325,2025-10-26 19:20:50+00:00,27.37,20.65,0.166,0.166
326,2025-10-26 19:20:55+00:00,28.7,20.63,0.276,0.276
327,2025-10-26 19:21:00+00:00,28.35,20.65,0.893,1.747
328,2025-10-26 19:21:05+00:00,29.18,20.63,0.715,7.505
329,2025-10-26 19:21:10+00:00,30.64,20.66,0.414,0.444
330,2025-10-26 19:21:15+00:00,30.65,20.65,0.126,0.126
331,2025-10-26 19:21:20+00:00,28.73,20.65,0.132,0.132
332,2025-10-26 19:21:25+00:00,28.7,20.63,0.109,0.109
333,2025-10-26 19:21:30+00:00,31.56,20.62,0.814,3.488
334,2025-10-26 19:21:35+00:00,29.74,20.63,0.159,0.159
335,2025-10-26 19:21:40+00:00,29.16,20.6,0.118,0.118
336,2025-10-26 19:21:45+00:00,28.91,20.63,0.124,0.124
337,2025-10-26 19:21:50+00:00,28.24,20.59,0.192,0.192
338,2025-10-26 19:21:55+00:00,27.24,20.59,0.333,0.363
339,2025-10-26 19:22:00+00:00,26.95,20.6,0.423,0.453
340,2025-10-26 19:22:05+00:00,28.34,20.62,0.179,0.179
341,2025-10-26 19:22:10+00:00,28.75,20.62,0.387,0.394
342,2025-10-26 19:22:15+00:00,29.11,20.6,1.124,1.378
343,2025-10-26 19:22:20+00:00,29.25,20.62,0.108,0.108
344,2025-10-26 19:22:25+00:00,29.1,20.6,0.093,0.093
345,2025-10-26 19:22:30+00:00,29.67,20.6,0.158,0.158
346,2025-10-26 19:22:35+00:00,28.59,20.63,0.499,0.529
347,2025-10-26 19:22:40+00:00,28.15,20.65,0.341,0.344
348,2025-10-26 19:22:45+00:00,28.12,20.63,0.248,0.252
349,2025-10-26 19:22:50+00:00,27.88,20.65,0.451,0.481
350,2025-10-26 19:22:55+00:00,27.54,20.62,1.077,1.467
351,2025-10-26 19:23:00+00:00,26.65,20.62,0.163,0.163
352,2025-10-26 19:23:05+00:00,26.62,20.62,0.885,1.73
353,2025-10-26 19:23:10+00:00,26.9,20.6,0.686,0.884
354,2025-10-26 19:23:15+00:00,27.55,20.6,0.14,0.14
355,2025-10-26 19:23:20+00:00,27.98,20.63,0.262,0.266
356,2025-10-26 19:23:25+00:00,27.77,20.6,0.129,0.129
357,2025-10-26 19:23:30+00:00,27.69,20.62,0.25,0.25
358,2025-10-26 19:23:35+00:00,27.76,20.6,0.156,0.156
359,2025-10-26 19:23:40+00:00,27.0,20.57,0.605,0.805
360,2025-10-26 19:23:45+00:00,28.1,20.62,0.218,0.218
361,2025-10-26 19:23:50+00:00,28.82,20.6,0.148,0.148
362,2025-10-26 19:23:55+00:00,28.3,20.62,0.164,0.164
363,2025-10-26 19:24:00+00:00,29.68,20.62,0.257,0.257
364,2025-10-26 19:24:05+00:00,29.73,20.63,0.113,0.113
365,2025-10-26 19:24:10+00:00,29.43,20.65,0.353,0.383
366,2025-10-26 19:24:15+00:00,30.07,20.63,0.181,0.181
367,2025-10-26 19:24:20+00:00,28.29,20.62,0.303,0.306
368,2025-10-26 19:24:25+00:00,28.09,20.63,0.598,0.802
369,2025-10-26 19:24:30+00:00,28.19,20.63,0.42,0.452
370,2025-10-26 19:24:35+00:00,27.93,20.65,0.162,0.162
371,2025-10-26 19:24:40+00:00,28.97,20.62,0.155,0.155
372,2025-10-26 19:24:45+00:00,29.07,20.63,0.985,1.88
373,2025-10-26 19:24:50+00:00,29.22,20.63,8.831,209.83
374,2025-10-26 19:24:55+00:00,30.06,20.62,2.908,46.753
375,2025-10-26 19:25:00+00:00,29.88,20.62,0.145,0.145
376,2025-10-26 19:25:05+00:00,29.7,20.59,0.231,0.232
377,2025-10-26 19:25:10+00:00,28.6,20.59,0.231,0.231
378,2025-10-26 19:25:15+00:00,27.54,20.6,0.414,0.446
379,2025-10-26 19:25:20+00:00,27.95,20.59,0.084,0.084
380,2025-10-26 19:25:25+00:00,29.43,20.62,0.13,0.13
381,2025-10-26 19:25:30+00:00,30.63,20.6,0.182,31.993
382,2025-10-26 19:25:35+00:00,30.83,20.63,0.303,38.473
383,2025-10-26 19:25:40+00:00,30.56,20.63,0.135,0.135
384,2025-10-26 19:25:45+00:00,30.43,20.6,0.167,0.167
385,2025-10-26 19:25:50+00:00,28.42,20.62,0.503,0.538
386,2025-10-26 19:25:55+00:00,28.52,20.6,0.086,0.086
387,2025-10-26 19:26:00+00:00,29.03,20.63,0.453,0.485
388,2025-10-26 19:26:05+00:00,31.65,20.65,0.14,0.141
389,2025-10-26 19:26:10+00:00,30.93,20.65,0.055,0.055
390,2025-10-26 19:26:15+00:00,30.79,20.65,0.462,0.492
391,2025-10-26 19:26:20+00:00,32.25,20.63,0.167,0.167
392,2025-10-26 19:26:25+00:00,32.29,20.63,0.164,0.164
393,2025-10-26 19:26:30+00:00,30.38,20.65,0.286,0.286
394,2025-10-26 19:26:35+00:00,30.38,20.65,0.414,0.444
395,2025-10-26 19:26:40+00:00,30.6,20.67,0.163,0.163
396,2025-10-26 19:26:45+00:00,31.98,20.66,0.147,0.147
397,2025-10-26 19:26:50+00:00,30.67,20.67,0.319,0.349
398,2025-10-26 19:26:55+00:00,28.92,20.67,0.593,0.791
399,2025-10-26 19:27:00+00:00,28.38,20.69,0.166,0.166
400,2025-10-26 19:27:05+00:00,28.3,20.67,0.837,3.636
401,2025-10-26 19:27:10+00:00,30.26,20.67,0.841,1.714
402,2025-10-26 19:27:15+00:00,29.72,20.69,0.123,0.123
403,2025-10-26 19:27:20+00:00,30.16,20.72,0.117,0.117
404,2025-10-26 19:27:25+00:00,32.7,20.72,0.57,0.768
405,2025-10-26 19:27:30+00:00,32.78,20.7,0.239,0.242
406,2025-10-26 19:27:35+00:00,31.1,20.7,0.377,0.407
407,2025-10-26 19:27:40+00:00,31.44,20.73,0.123,0.123
408,2025-10-26 19:27:45+00:00,30.01,20.73,0.374,0.403
409,2025-10-26 19:27:50+00:00,29.26,20.75,0.125,0.125
410,2025-10-26 19:27:55+00:00,30.07,20.76,0.149,0.149
411,2025-10-26 19:28:00+00:00,31.3,20.75,0.235,0.235
412,2025-10-26 19:28:05+00:00,32.08,20.76,0.695,0.9
413,2025-10-26 19:28:10+00:00,31.72,20.77,0.107,0.107
414,2025-10-26 19:28:15+00:00,31.64,20.77,0.274,0.274
415,2025-10-26 19:28:20+00:00,32.72,20.77,0.136,0.136
416,2025-10-26 19:28:25+00:00,32.38,20.76,0.197,0.197
417,2025-10-26 19:28:30+00:00,32.36,20.76,0.097,0.097
418,2025-10-26 19:28:35+00:00,31.22,20.75,0.158,0.158
419,2025-10-26 19:28:40+00:00,29.76,20.76,0.571,0.77
420,2025-10-26 19:28:45+00:00,29.22,20.76,0.149,0.149
421,2025-10-26 19:28:50+00:00,28.89,20.77,0.188,0.188
422,2025-10-26 19:28:55+00:00,28.47,20.77,0.158,0.158
423,2025-10-26 19:29:00+00:00,28.79,20.77,0.147,0.147
424,2025-10-26 19:29:05+00:00,28.47,20.79,0.307,0.311
425,2025-10-26 19:29:10+00:00,28.49,20.73,0.151,0.151
426,2025-10-26 19:29:15+00:00,28.43,20.76,0.445,0.476
427,2025-10-26 19:29:20+00:00,27.45,20.76,0.291,0.295
428,2025-10-26 19:29:25+00:00,27.06,20.77,0.07,0.07
429,2025-10-26 19:29:30+00:00,26.53,20.75,0.078,0.078
430,2025-10-26 19:29:35+00:00,26.56,20.76,0.07,0.07
431,2025-10-26 19:29:40+00:00,27.21,20.76,0.15,0.15
432,2025-10-26 19:29:45+00:00,27.43,20.77,0.178,0.178
433,2025-10-26 19:29:50+00:00,27.63,20.76,0.496,0.529
434,2025-10-26 19:29:55+00:00,27.0,20.73,0.47,0.499
435,2025-10-26 19:30:00+00:00,26.76,20.7,0.176,0.176
436,2025-10-26 19:30:05+00:00,27.25,20.75,0.139,0.139
437,2025-10-26 19:30:10+00:00,26.72,20.76,0.118,0.119
438,2025-10-26 19:30:15+00:00,26.35,20.72,0.148,0.148
439,2025-10-26 19:30:20+00:00,27.3,20.73,0.143,0.143
440,2025-10-26 19:30:25+00:00,28.28,20.75,0.213,0.214
441,2025-10-26 19:30:30+00:00,29.27,20.73,0.114,0.114
442,2025-10-26 19:30:35+00:00,30.0,20.73,0.115,0.115
443,2025-10-26 19:30:40+00:00,28.62,20.75,0.165,0.166
444,2025-10-26 19:30:45+00:00,28.86,20.76,0.802,3.456
445,2025-10-26 19:30:50+00:00,27.98,20.76,0.226,0.226
446,2025-10-26 19:30:55+00:00,27.34,20.76,0.17,0.17
447,2025-10-26 19:31:00+00:00,27.36,20.76,0.116,0.116
448,2025-10-26 19:31:05+00:00,27.07,20.76,0.274,0.278
449,2025-10-26 19:31:10+00:00,26.63,20.77,0.095,0.095
450,2025-10-26 19:31:15+00:00,26.36,20.75,0.096,0.096
451,2025-10-26 19:31:20+00:00,27.41,20.77,0.207,0.207
452,2025-10-26 19:31:25+00:00,27.21,20.79,0.179,0.179
453,2025-10-26 19:31:30+00:00,27.63,20.76,0.154,0.154
454,2025-10-26 19:31:35+00:00,28.34,20.77,0.125,0.125
455,2025-10-26 19:31:40+00:00,28.56,20.75,0.582,0.771
456,2025-10-26 19:31:45+00:00,28.01,20.77,0.097,0.097
457,2025-10-26 19:31:50+00:00,27.22,20.76,0.117,0.117
458,2025-10-26 19:31:55+00:00,27.03,20.77,0.175,0.176
459,2025-10-26 19:32:00+00:00,27.5,20.75,0.118,0.118
460,2025-10-26 19:32:05+00:00,26.49,20.76,0.208,0.208
461,2025-10-26 19:32:10+00:00,26.21,20.75,0.089,0.089
462,2025-10-26 19:32:15+00:00,25.88,20.75,0.168,0.168
463,2025-10-26 19:32:20+00:00,25.83,20.73,0.122,0.122
464,2025-10-26 19:32:25+00:00,25.39,20.75,0.084,0.084
465,2025-10-26 19:32:30+00:00,25.71,20.73,0.144,0.144
466,2025-10-26 19:32:35+00:00,25.8,20.7,0.216,0.217
467,2025-10-26 19:32:40+00:00,25.77,20.73,0.217,0.221
468,2025-10-26 19:32:45+00:00,26.91,20.73,0.114,0.114
469,2025-10-26 19:32:50+00:00,27.7,20.75,0.176,0.176
470,2025-10-26 19:32:55+00:00,26.39,20.76,0.429,0.459
471,2025-10-26 19:33:00+00:00,26.52,20.73,0.137,0.138
472,2025-10-26 19:33:05+00:00,26.49,20.75,0.178,0.179
473,2025-10-26 19:33:10+00:00,26.48,20.76,0.092,0.092
474,2025-10-26 19:33:15+00:00,26.92,20.76,0.123,0.123
475,2025-10-26 19:33:20+00:00,26.85,20.75,0.373,13.98
476,2025-10-26 19:33:25+00:00,26.3,20.75,0.638,7.55
477,2025-10-26 19:33:30+00:00,26.14,20.72,0.128,0.128
478,2025-10-26 19:33:35+00:00,26.14,20.73,0.155,0.155
479,2025-10-26 19:33:40+00:00,27.22,20.7,0.136,0.136
480,2025-10-26 19:33:45+00:00,27.36,20.72,0.134,0.134
481,2025-10-26 19:33:50+00:00,28.25,20.72,0.14,0.14
482,2025-10-26 19:33:55+00:00,28.2,20.75,0.575,0.771
483,2025-10-26 19:34:00+00:00,27.56,20.73,0.093,0.093
484,2025-10-26 19:34:05+00:00,27.07,20.69,0.616,7.599
485,2025-10-26 19:34:10+00:00,26.61,20.7,0.083,0.083
486,2025-10-26 19:34:15+00:00,26.15,20.69,0.866,3.63
487,2025-10-26 19:34:20+00:00,25.76,20.7,0.185,0.185
488,2025-10-26 19:34:25+00:00,25.55,20.7,0.299,0.329
489,2025-10-26 19:34:30+00:00,26.51,20.7,0.947,1.808
490,2025-10-26 19:34:35+00:00,26.86,20.69,0.591,0.794
491,2025-10-26 19:34:40+00:00,26.72,20.69,0.082,0.082
492,2025-10-26 19:34:45+00:00,26.06,20.69,0.701,0.903
493,2025-10-26 19:34:50+00:00,25.67,20.7,0.142,0.142
494,2025-10-26 19:34:55+00:00,26.13,20.7,0.2,0.2
495,2025-10-26 19:35:00+00:00,27.41,20.7,0.781,1.653
496,2025-10-26 19:35:05+00:00,27.35,20.69,0.195,0.195
497,2025-10-26 19:35:10+00:00,27.42,20.7,0.173,0.173
498,2025-10-26 19:35:15+00:00,27.32,20.73,1.149,1.55
499,2025-10-26 19:35:20+00:00,27.08,20.7,0.139,0.139
500,2025-10-26 19:35:25+00:00,27.33,20.73,0.102,0.102
501,2025-10-26 19:35:30+00:00,26.21,20.75,0.173,0.173
502,2025-10-26 19:35:35+00:00,26.67,20.73,0.081,0.081
503,2025-10-26 19:35:40+00:00,26.77,20.73,0.164,0.164
504,2025-10-26 19:35:45+00:00,27.45,20.73,0.138,0.138
505,2025-10-26 19:35:50+00:00,26.74,20.73,0.089,0.089
506,2025-10-26 19:35:55+00:00,26.3,20.75,0.129,0.129
507,2025-10-26 19:36:00+00:00,26.85,20.73,0.863,1.73
508,2025-10-26 19:36:05+00:00,27.21,20.75,0.107,0.107
509,2025-10-26 19:36:10+00:00,28.39,20.75,0.163,0.163
510,2025-10-26 19:36:15+00:00,27.7,20.76,0.227,0.228
511,2025-10-26 19:36:20+00:00,27.36,20.77,0.101,0.101
512,2025-10-26 19:36:25+00:00,27.39,20.75,0.871,3.708
513,2025-10-26 19:36:30+00:00,26.74,20.76,0.092,0.092
514,2025-10-26 19:36:35+00:00,26.61,20.77,0.202,0.203
515,2025-10-26 19:36:40+00:00,26.16,20.76,0.323,0.327
516,2025-10-26 19:36:45+00:00,26.86,20.76,0.226,0.226
517,2025-10-26 19:36:50+00:00,26.74,20.75,0.255,0.259
518,2025-10-26 19:36:55+00:00,27.15,20.77,0.12,0.12
519,2025-10-26 19:37:00+00:00,28.2,20.77,0.679,0.904
520,2025-10-26 19:37:05+00:00,27.24,20.77,0.206,0.206
521,2025-10-26 19:37:10+00:00,27.15,20.79,0.081,0.081
522,2025-10-26 19:37:15+00:00,28.04,20.8,0.085,0.085
523,2025-10-26 19:37:20+00:00,30.19,20.8,0.138,0.138
524,2025-10-26 19:37:25+00:00,31.74,20.83,0.118,0.118
525,2025-10-26 19:37:30+00:00,33.12,20.84,0.211,0.211
526,2025-10-26 19:37:35+00:00,31.97,20.86,0.975,4.167
527,2025-10-26 19:37:40+00:00,30.93,20.86,0.176,0.176
528,2025-10-26 19:37:45+00:00,30.55,20.86,0.313,0.317
529,2025-10-26 19:37:50+00:00,32.04,20.89,0.118,0.118
530,2025-10-26 19:37:55+00:00,30.81,20.89,0.312,0.316
531,2025-10-26 19:38:00+00:00,31.17,20.9,0.116,0.116
532,2025-10-26 19:38:05+00:00,31.28,20.91,0.341,0.345
533,2025-10-26 19:38:10+00:00,32.69,20.91,0.235,0.235
534,2025-10-26 19:38:15+00:00,33.28,20.9,0.19,0.19
535,2025-10-26 19:38:20+00:00,32.68,20.94,0.166,0.166
536,2025-10-26 19:38:25+00:00,33.07,20.94,0.102,0.102
537,2025-10-26 19:38:30+00:00,34.44,20.93,0.134,0.134
538,2025-10-26 19:38:35+00:00,33.35,20.94,0.263,0.267
539,2025-10-26 19:38:40+00:00,30.39,20.94,0.618,0.819
540,2025-10-26 19:38:45+00:00,28.27,20.96,0.142,0.142
541,2025-10-26 19:38:50+00:00,28.49,20.96,0.725,23.365
542,2025-10-26 19:38:55+00:00,28.51,20.96,0.105,0.105
543,2025-10-26 19:39:00+00:00,28.1,20.97,0.658,7.733
544,2025-10-26 19:39:05+00:00,27.55,20.97,0.187,0.187
545,2025-10-26 19:39:10+00:00,26.95,20.97,0.15,0.15
546,2025-10-26 19:39:15+00:00,26.99,21.0,0.132,0.132
547,2025-10-26 19:39:20+00:00,28.4,20.98,0.207,0.207
548,2025-10-26 19:39:25+00:00,29.4,20.98,0.102,0.102
549,2025-10-26 19:39:30+00:00,30.84,21.01,0.127,0.128
550,2025-10-26 19:39:35+00:00,31.06,21.0,0.208,0.208
551,2025-10-26 19:39:40+00:00,31.77,21.03,0.189,0.189
552,2025-10-26 19:39:45+00:00,30.26,21.01,0.121,0.121
553,2025-10-26 19:39:50+00:00,30.15,21.01,0.097,0.097
554,2025-10-26 19:39:55+00:00,31.49,21.01,0.433,0.44
555,2025-10-26 19:40:00+00:00,31.87,21.0,0.157,0.157
556,2025-10-26 19:40:05+00:00,30.42,21.0,0.12,0.12
557,2025-10-26 19:40:10+00:00,29.14,21.0,0.173,0.173
558,2025-10-26 19:40:15+00:00,28.63,21.0,0.108,0.108
559,2025-10-26 19:40:20+00:00,29.36,21.01,0.482,0.516
560,2025-10-26 19:40:25+00:00,30.65,21.01,0.153,0.153
561,2025-10-26 19:40:30+00:00,30.08,21.0,0.117,0.117
562,2025-10-26 19:40:35+00:00,28.8,21.01,0.116,0.116
563,2025-10-26 19:40:40+00:00,27.69,21.0,0.862,1.717
564,2025-10-26 19:40:45+00:00,28.45,20.98,0.1,0.1
565,2025-10-26 19:40:50+00:00,29.16,21.0,0.195,0.195
566,2025-10-26 19:40:55+00:00,28.41,20.96,0.095,0.095
567,2025-10-26 19:41:00+00:00,28.13,20.96,0.108,0.108
568,2025-10-26 19:41:05+00:00,27.15,20.97,0.161,0.161
569,2025-10-26 19:41:10+00:00,27.3,20.94,0.284,0.288
570,2025-10-26 19:41:15+00:00,27.29,20.94,0.193,0.193
571,2025-10-26 19:41:20+00:00,27.2,20.93,0.275,0.276
572,2025-10-26 19:41:25+00:00,28.06,20.94,0.221,30.905
573,2025-10-26 19:41:30+00:00,28.31,20.94,0.07,0.07
574,2025-10-26 19:41:35+00:00,28.26,20.94,0.136,0.136
575,2025-10-26 19:41:40+00:00,28.27,20.93,0.112,0.112
576,2025-10-26 19:41:45+00:00,29.07,20.91,0.592,0.787
577,2025-10-26 19:41:50+00:00,29.41,20.93,0.466,0.496
578,2025-10-26 19:41:55+00:00,29.35,20.91,0.389,0.419
579,2025-10-26 19:42:00+00:00,29.71,20.91,0.631,0.826
580,2025-10-26 19:42:05+00:00,28.65,20.93,0.242,0.243
581,2025-10-26 19:42:10+00:00,27.99,20.89,0.158,0.158
582,2025-10-26 19:42:15+00:00,28.2,20.87,0.142,0.142
583,2025-10-26 19:42:20+00:00,28.35,20.89,0.244,0.244
584,2025-10-26 19:42:25+00:00,29.85,20.9,0.098,0.098
585,2025-10-26 19:42:30+00:00,29.28,20.89,0.095,0.095
586,2025-10-26 19:42:35+00:00,27.78,20.89,0.241,0.242
587,2025-10-26 19:42:40+00:00,28.24,20.86,0.079,0.079
588,2025-10-26 19:42:45+00:00,29.64,20.87,0.779,1.637
589,2025-10-26 19:42:50+00:00,29.01,20.87,0.223,0.223
590,2025-10-26 19:42:55+00:00,28.63,20.86,0.136,0.136
591,2025-10-26 19:43:00+00:00,28.47,20.84,0.163,0.164
592,2025-10-26 19:43:05+00:00,27.89,20.84,0.152,0.152
593,2025-10-26 19:43:10+00:00,28.28,20.83,0.751,0.945
594,2025-10-26 19:43:15+00:00,27.2,20.84,0.182,0.182
595,2025-10-26 19:43:20+00:00,26.95,20.8,0.139,0.139
596,2025-10-26 19:43:25+00:00,26.8,20.79,0.063,0.063
597,2025-10-26 19:43:30+00:00,26.77,20.77,0.346,13.578
598,2025-10-26 19:43:35+00:00,26.41,20.79,0.116,0.116
599,2025-10-26 19:43:40+00:00,26.99,20.79,0.092,0.092
600,2025-10-26 19:43:45+00:00,26.73,20.79,0.162,0.162
601,2025-10-26 19:43:50+00:00,26.82,20.77,0.069,0.069
602,2025-10-26 19:43:55+00:00,27.47,20.76,0.112,0.112
603,2025-10-26 19:44:00+00:00,28.4,20.79,0.802,7.462
604,2025-10-26 19:44:05+00:00,28.41,20.79,0.147,0.147
605,2025-10-26 19:44:10+00:00,28.58,20.76,0.55,0.736
606,2025-10-26 19:44:15+00:00,29.51,20.79,0.62,0.807
607,2025-10-26 19:44:20+00:00,30.77,20.79,0.838,3.453
608,2025-10-26 19:44:25+00:00,31.3,20.79,0.974,1.191
609,2025-10-26 19:44:30+00:00,32.0,20.76,0.568,7.127
610,2025-10-26 19:44:35+00:00,31.46,20.76,0.172,0.172
611,2025-10-26 19:44:40+00:00,31.41,20.8,0.095,0.095
612,2025-10-26 19:44:45+00:00,30.52,20.76,0.145,0.145
613,2025-10-26 19:44:50+00:00,30.33,20.77,0.205,0.205
614,2025-10-26 19:44:55+00:00,29.15,20.75,0.605,0.797
615,2025-10-26 19:45:00+00:00,28.5,20.76,0.158,0.158
616,2025-10-26 19:45:05+00:00,28.45,20.75,0.166,0.166
617,2025-10-26 19:45:10+00:00,27.63,20.75,0.437,0.466
618,2025-10-26 19:45:15+00:00,26.49,20.72,0.085,0.085
619,2025-10-26 19:45:20+00:00,25.98,20.69,0.081,0.081
620,2025-10-26 19:45:25+00:00,27.04,20.72,0.121,33.161
621,2025-10-26 19:45:30+00:00,26.39,20.72,0.113,0.113
622,2025-10-26 19:45:35+00:00,26.21,20.73,0.805,1.648
623,2025-10-26 19:45:40+00:00,25.99,20.73,0.544,0.737
624,2025-10-26 19:45:45+00:00,26.21,20.73,0.242,0.242
625,2025-10-26 19:45:50+00:00,27.07,20.72,0.861,0.948
626,2025-10-26 19:45:55+00:00,27.92,20.73,0.383,0.412
627,2025-10-26 19:46:00+00:00,28.46,20.73,1.591,6.992
628,2025-10-26 19:46:05+00:00,29.21,20.73,0.213,0.214
629,2025-10-26 19:46:10+00:00,30.15,20.73,1.252,2.301
630,2025-10-26 19:46:15+00:00,29.6,20.73,0.27,0.273
631,2025-10-26 19:46:20+00:00,28.82,20.73,0.193,0.193
632,2025-10-26 19:46:25+00:00,29.94,20.73,0.859,3.623
633,2025-10-26 19:46:30+00:00,30.24,20.75,0.803,1.667
634,2025-10-26 19:46:35+00:00,31.03,20.75,0.193,0.197
635,2025-10-26 19:46:40+00:00,30.21,20.73,0.168,0.168
636,2025-10-26 19:46:45+00:00,29.95,20.76,0.243,0.243
637,2025-10-26 19:46:50+00:00,30.64,20.77,0.187,0.187
638,2025-10-26 19:46:55+00:00,30.91,20.76,0.247,0.248
639,2025-10-26 19:47:00+00:00,31.73,20.75,0.167,0.168
640,2025-10-26 19:47:05+00:00,31.68,20.77,0.367,0.397
641,2025-10-26 19:47:10+00:00,30.22,20.76,0.432,0.462
642,2025-10-26 19:47:15+00:00,30.04,20.73,0.203,0.203
643,2025-10-26 19:47:20+00:00,31.64,20.76,1.188,2.075
644,2025-10-26 19:47:25+00:00,31.09,20.77,0.154,0.154
645,2025-10-26 19:47:30+00:00,30.68,20.77,0.22,0.221
646,2025-10-26 19:47:35+00:00,31.45,20.76,0.064,0.064
647,2025-10-26 19:47:40+00:00,32.11,20.73,0.209,0.209
648,2025-10-26 19:47:45+00:00,29.8,20.76,0.214,0.215
649,2025-10-26 19:47:50+00:00,30.24,20.76,0.122,0.122
650,2025-10-26 19:47:55+00:00,32.25,20.77,0.348,0.377
651,2025-10-26 19:48:00+00:00,32.63,20.76,1.624,4.544
652,2025-10-26 19:48:05+00:00,31.94,20.75,0.219,0.22
653,2025-10-26 19:48:10+00:00,31.25,20.73,0.126,0.126
654,2025-10-26 19:48:15+00:00,31.09,20.75,0.201,0.201
655,2025-10-26 19:48:20+00:00,31.46,20.73,0.399,0.429
656,2025-10-26 19:48:25+00:00,31.67,20.72,0.623,0.682
657,2025-10-26 19:48:30+00:00,32.1,20.72,0.75,1.595
658,2025-10-26 19:48:35+00:00,29.94,20.72,0.174,0.174
659,2025-10-26 19:48:40+00:00,29.13,20.7,0.159,0.159
660,2025-10-26 19:48:45+00:00,28.88,20.67,0.309,0.309
661,2025-10-26 19:48:50+00:00,29.85,20.69,0.829,3.55
662,2025-10-26 19:48:55+00:00,29.87,20.66,0.112,0.112
663,2025-10-26 19:49:00+00:00,29.31,20.67,0.1,0.1
664,2025-10-26 19:49:05+00:00,28.98,20.67,0.086,0.086
665,2025-10-26 19:49:10+00:00,30.96,20.65,1.363,2.437
666,2025-10-26 19:49:15+00:00,29.99,20.63,0.657,0.857
667,2025-10-26 19:49:20+00:00,29.19,20.62,0.094,0.094
668,2025-10-26 19:49:25+00:00,28.45,20.63,0.091,0.091
669,2025-10-26 19:49:30+00:00,27.98,20.59,0.097,0.097
670,2025-10-26 19:49:35+00:00,27.74,20.59,0.119,0.119
671,2025-10-26 19:49:40+00:00,28.08,20.59,0.166,0.166
672,2025-10-26 19:49:45+00:00,28.78,20.59,0.095,0.095
673,2025-10-26 19:49:50+00:00,29.66,20.56,0.66,0.863
674,2025-10-26 19:49:55+00:00,29.48,20.53,0.16,0.16
675,2025-10-26 19:50:00+00:00,28.58,20.55,0.788,1.673
676,2025-10-26 19:50:05+00:00,28.79,20.56,0.412,0.442
677,2025-10-26 19:50:10+00:00,29.13,20.56,0.169,0.169
678,2025-10-26 19:50:15+00:00,29.5,20.53,0.118,0.118
679,2025-10-26 19:50:20+00:00,28.9,20.53,0.123,0.123
680,2025-10-26 19:50:25+00:00,28.28,20.52,0.197,0.197
681,2025-10-26 19:50:30+00:00,28.36,20.53,0.455,0.485
682,2025-10-26 19:50:35+00:00,30.69,20.53,0.339,0.347
683,2025-10-26 19:50:40+00:00,30.99,20.53,0.698,0.897
684,2025-10-26 19:50:45+00:00,30.34,20.5,0.115,0.115
685,2025-10-26 19:50:50+00:00,29.79,20.52,0.139,0.139
686,2025-10-26 19:50:55+00:00,30.26,20.5,0.188,0.188
687,2025-10-26 19:51:00+00:00,30.57,20.52,0.13,0.13
688,2025-10-26 19:51:05+00:00,29.17,20.5,0.103,0.103
689,2025-10-26 19:51:10+00:00,28.94,20.47,0.076,0.076
690,2025-10-26 19:51:15+00:00,28.17,20.46,0.136,0.136
691,2025-10-26 19:51:20+00:00,29.18,20.47,0.143,0.143
692,2025-10-26 19:51:25+00:00,29.97,20.46,0.149,0.149
693,2025-10-26 19:51:30+00:00,31.23,20.46,0.113,0.113
694,2025-10-26 19:51:35+00:00,31.07,20.45,0.152,0.152
695,2025-10-26 19:51:40+00:00,29.8,20.45,0.804,1.653
696,2025-10-26 19:51:45+00:00,29.08,20.42,0.122,0.122
697,2025-10-26 19:51:50+00:00,28.52,20.4,0.415,13.849
698,2025-10-26 19:51:55+00:00,28.19,20.43,0.777,1.628
699,2025-10-26 19:52:00+00:00,27.87,20.39,0.105,0.105
700,2025-10-26 19:52:05+00:00,26.9,20.36,0.771,1.631
701,2025-10-26 19:52:10+00:00,26.83,20.36,0.088,0.088
702,2025-10-26 19:52:15+00:00,26.94,20.36,0.074,0.074
703,2025-10-26 19:52:20+00:00,28.35,20.36,0.256,0.26
704,2025-10-26 19:52:25+00:00,29.64,20.35,0.184,0.184
705,2025-10-26 19:52:30+00:00,30.56,20.35,0.144,0.144
706,2025-10-26 19:52:35+00:00,28.51,20.33,0.143,0.143
707,2025-10-26 19:52:40+00:00,28.24,20.33,0.362,0.391
708,2025-10-26 19:52:45+00:00,29.05,20.33,0.209,0.209
709,2025-10-26 19:52:50+00:00,29.07,20.33,0.389,0.418
710,2025-10-26 19:52:55+00:00,28.21,20.33,0.105,0.105
711,2025-10-26 19:53:00+00:00,29.63,20.33,0.133,0.133
712,2025-10-26 19:53:05+00:00,30.02,20.29,0.089,0.089
713,2025-10-26 19:53:10+00:00,29.1,20.32,0.19,0.19
714,2025-10-26 19:53:15+00:00,29.91,20.31,0.323,0.352
715,2025-10-26 19:53:20+00:00,30.86,20.29,0.158,0.159
716,2025-10-26 19:53:25+00:00,32.16,20.31,0.586,7.226
717,2025-10-26 19:53:30+00:00,31.13,20.32,0.091,0.091
718,2025-10-26 19:53:35+00:00,30.56,20.31,0.246,0.25
719,2025-10-26 19:53:40+00:00,29.44,20.29,0.213,0.213
720,2025-10-26 19:53:45+00:00,28.49,20.26,0.088,0.088
721,2025-10-26 19:53:50+00:00,28.63,20.26,0.156,0.156
722,2025-10-26 19:53:55+00:00,29.23,20.24,0.824,1.619
723,2025-10-26 19:54:00+00:00,28.62,20.22,0.117,0.117
724,2025-10-26 19:54:05+00:00,27.43,20.21,0.054,0.054
725,2025-10-26 19:54:10+00:00,27.34,20.21,0.127,0.127
726,2025-10-26 19:54:15+00:00,27.15,20.22,0.144,0.144
727,2025-10-26 19:54:20+00:00,26.77,20.21,0.147,0.147
728,2025-10-26 19:54:25+00:00,26.73,20.18,0.486,0.515
729,2025-10-26 19:54:30+00:00,26.79,20.19,0.103,0.103
730,2025-10-26 19:54:35+00:00,26.96,20.18,0.309,0.337
731,2025-10-26 19:54:40+00:00,26.55,20.18,0.141,0.141
732,2025-10-26 19:54:45+00:00,26.6,20.15,0.138,0.138
733,2025-10-26 19:54:50+00:00,26.85,20.15,0.08,0.08
734,2025-10-26 19:54:55+00:00,27.04,20.15,0.126,0.126
735,2025-10-26 19:55:00+00:00,28.32,20.18,1.324,2.237
736,2025-10-26 19:55:05+00:00,28.82,20.16,0.146,0.146
737,2025-10-26 19:55:10+00:00,29.74,20.16,0.202,0.202
738,2025-10-26 19:55:15+00:00,31.98,20.15,0.633,7.562
739,2025-10-26 19:55:20+00:00,30.62,20.16,0.126,0.126
740,2025-10-26 19:55:25+00:00,29.35,20.15,0.456,0.486
741,2025-10-26 19:55:30+00:00,30.5,20.15,0.21,0.213
742,2025-10-26 19:55:35+00:00,32.27,20.16,0.146,0.146
743,2025-10-26 19:55:40+00:00,32.56,20.16,0.156,0.156
744,2025-10-26 19:55:45+00:00,32.53,20.15,1.76,5.308
745,2025-10-26 19:55:50+00:00,32.87,20.14,0.151,0.151
746,2025-10-26 19:55:55+00:00,32.67,20.14,0.119,0.119
747,2025-10-26 19:56:00+00:00,31.54,20.15,1.085,1.471
748,2025-10-26 19:56:05+00:00,31.61,20.15,0.084,30.304
749,2025-10-26 19:56:10+00:00,30.49,20.15,0.133,0.133
750,2025-10-26 19:56:15+00:00,28.72,20.12,1.022,1.962
751,2025-10-26 19:56:20+00:00,27.62,20.12,0.201,0.202
752,2025-10-26 19:56:25+00:00,27.66,20.09,0.116,0.116
753,2025-10-26 19:56:30+00:00,28.24,20.09,0.915,35.313
754,2025-10-26 19:56:35+00:00,28.44,20.11,0.095,0.095
755,2025-10-26 19:56:40+00:00,27.85,20.09,0.086,0.086
756,2025-10-26 19:56:45+00:00,27.19,20.09,0.133,0.133
757,2025-10-26 19:56:50+00:00,27.85,20.09,0.729,0.796
758,2025-10-26 19:56:55+00:00,28.29,20.11,0.125,0.125
759,2025-10-26 19:57:00+00:00,29.69,20.09,0.163,0.163
760,2025-10-26 19:57:05+00:00,32.25,20.11,0.206,0.206
761,2025-10-26 19:57:10+00:00,31.38,20.09,0.128,0.128
762,2025-10-26 19:57:15+00:00,30.59,20.11,0.153,0.153
763,2025-10-26 19:57:20+00:00,30.97,20.14,0.882,1.827
764,2025-10-26 19:57:25+00:00,31.92,20.11,0.452,24.539
765,2025-10-26 19:57:30+00:00,31.78,20.11,0.142,0.142
766,2025-10-26 19:57:35+00:00,30.7,20.11,0.218,0.218
767,2025-10-26 19:57:40+00:00,30.82,20.08,0.66,0.874
768,2025-10-26 19:57:45+00:00,30.41,20.09,0.144,0.144
769,2025-10-26 19:57:50+00:00,29.84,20.09,0.894,1.813
770,2025-10-26 19:57:55+00:00,31.33,20.11,0.128,0.128
771,2025-10-26 19:58:00+00:00,31.48,20.08,0.122,0.122
772,2025-10-26 19:58:05+00:00,31.18,20.09,0.093,0.093
773,2025-10-26 19:58:10+00:00,31.87,20.08,0.213,0.213
774,2025-10-26 19:58:15+00:00,33.45,20.08,0.218,0.218
775,2025-10-26 19:58:20+00:00,32.91,20.07,0.391,0.422
776,2025-10-26 19:58:25+00:00,31.45,20.08,0.14,0.14
777,2025-10-26 19:58:30+00:00,30.32,20.04,0.159,0.159
778,2025-10-26 19:58:35+00:00,29.91,20.02,0.203,0.203
779,2025-10-26 19:58:40+00:00,30.18,20.02,0.258,0.258
780,2025-10-26 19:58:45+00:00,30.42,20.04,0.161,0.161
781,2025-10-26 19:58:50+00:00,30.3,19.99,0.122,0.122
782,2025-10-26 19:58:55+00:00,29.88,20.01,0.643,0.845
783,2025-10-26 19:59:00+00:00,29.35,19.98,0.451,0.482
784,2025-10-26 19:59:05+00:00,28.19,19.97,0.131,0.131
785,2025-10-26 19:59:10+00:00,27.88,19.98,0.09,0.09
786,2025-10-26 19:59:15+00:00,28.13,19.95,1.35,2.432
787,2025-10-26 19:59:20+00:00,27.95,19.98,0.803,1.684
788,2025-10-26 19:59:25+00:00,27.47,19.94,1.13,2.041
789,2025-10-26 19:59:30+00:00,27.62,19.92,0.072,0.072
790,2025-10-26 19:59:35+00:00,28.06,19.92,0.171,0.171
791,2025-10-26 19:59:40+00:00,28.56,19.92,0.119,0.119
792,2025-10-26 19:59:45+00:00,28.99,19.92,0.22,0.22
793,2025-10-26 19:59:50+00:00,30.34,19.92,0.135,0.135
794,2025-10-26 19:59:55+00:00,30.22,19.91,0.134,0.134
795,2025-10-26 20:00:00+00:00,29.09,19.88,0.141,0.141
796,2025-10-26 20:00:05+00:00,30.19,19.92,1.481,2.546
797,2025-10-26 20:00:10+00:00,29.79,19.89,0.208,0.209
798,2025-10-26 20:00:15+00:00,30.15,19.89,0.102,0.102
799,2025-10-26 20:00:20+00:00,31.33,19.87,0.125,0.125
800,2025-10-26 20:00:25+00:00,31.26,19.88,0.194,0.194
801,2025-10-26 20:00:30+00:00,30.82,19.87,1.947,3.83
802,2025-10-26 20:00:35+00:00,30.45,19.87,0.697,7.525
803,2025-10-26 20:00:40+00:00,30.45,19.85,0.873,1.718
804,2025-10-26 20:00:45+00:00,30.17,19.85,0.146,0.146
805,2025-10-26 20:00:50+00:00,29.36,19.82,0.231,0.231
806,2025-10-26 20:00:55+00:00,30.09,19.82,0.099,0.099
807,2025-10-26 20:01:00+00:00,30.08,19.82,0.148,0.148
808,2025-10-26 20:01:05+00:00,31.16,19.82,0.145,0.145
809,2025-10-26 20:01:10+00:00,31.72,19.81,0.141,0.141
810,2025-10-26 20:01:15+00:00,30.12,19.82,0.406,14.337
811,2025-10-26 20:01:20+00:00,30.15,19.82,0.153,0.153
812,2025-10-26 20:01:25+00:00,31.87,19.81,0.112,0.112
813,2025-10-26 20:01:30+00:00,33.31,19.84,0.195,0.195
814,2025-10-26 20:01:35+00:00,34.41,19.85,0.191,0.192
815,2025-10-26 20:01:40+00:00,35.19,19.81,0.22,0.22
816,2025-10-26 20:01:45+00:00,33.39,19.82,0.312,33.072
817,2025-10-26 20:01:50+00:00,32.93,19.82,0.933,1.837
818,2025-10-26 20:01:55+00:00,31.86,19.84,0.137,0.137
819,2025-10-26 20:02:00+00:00,31.96,19.84,0.108,0.108
820,2025-10-26 20:02:05+00:00,33.61,19.84,0.166,0.166
821,2025-10-26 20:02:10+00:00,32.1,19.84,0.108,0.108
822,2025-10-26 20:02:15+00:00,30.93,19.84,0.119,0.119
823,2025-10-26 20:02:20+00:00,29.8,19.85,0.106,0.106
824,2025-10-26 20:02:25+00:00,29.36,19.82,0.356,0.387
825,2025-10-26 20:02:30+00:00,29.29,19.82,0.217,0.217
826,2025-10-26 20:02:35+00:00,29.69,19.84,0.171,0.171
827,2025-10-26 20:02:40+00:00,29.84,19.84,0.406,0.437
828,2025-10-26 20:02:45+00:00,30.64,19.84,0.11,0.11
829,2025-10-26 20:02:50+00:00,32.64,19.84,0.209,0.209
830,2025-10-26 20:02:55+00:00,33.02,19.84,0.729,8.014
831,2025-10-26 20:03:00+00:00,31.27,19.82,0.138,0.138
832,2025-10-26 20:03:05+00:00,29.91,19.84,0.197,0.198
833,2025-10-26 20:03:10+00:00,29.46,19.85,0.099,0.099
834,2025-10-26 20:03:15+00:00,29.28,19.82,0.193,0.193
835,2025-10-26 20:03:20+00:00,29.87,19.84,0.659,0.869
836,2025-10-26 20:03:25+00:00,29.69,19.84,0.213,0.213
837,2025-10-26 20:03:30+00:00,29.77,19.84,0.091,0.091
838,2025-10-26 20:03:35+00:00,30.75,19.84,0.104,0.104
839,2025-10-26 20:03:40+00:00,29.63,19.85,0.144,0.144
840,2025-10-26 20:03:45+00:00,30.21,19.85,0.863,3.776
841,2025-10-26 20:03:50+00:00,29.08,19.85,0.163,0.163
842,2025-10-26 20:03:55+00:00,29.35,19.85,0.13,0.13
843,2025-10-26 20:04:00+00:00,28.63,19.82,0.167,0.167
844,2025-10-26 20:04:05+00:00,28.59,19.82,0.162,0.162
845,2025-10-26 20:04:10+00:00,28.85,19.87,0.175,0.175
846,2025-10-26 20:04:15+00:00,29.86,19.87,0.214,0.214
847,2025-10-26 20:04:20+00:00,32.0,19.87,0.191,0.191
848,2025-10-26 20:04:25+00:00,32.4,19.85,0.188,0.188
849,2025-10-26 20:04:30+00:00,32.9,19.88,1.187,2.113
850,2025-10-26 20:04:35+00:00,32.88,19.87,0.205,0.205
851,2025-10-26 20:04:40+00:00,31.16,19.87,0.125,0.125
852,2025-10-26 20:04:45+00:00,31.37,19.88,0.103,0.103
853,2025-10-26 20:04:50+00:00,32.26,19.88,0.502,0.534
854,2025-10-26 20:04:55+00:00,32.47,19.88,0.464,0.495
855,2025-10-26 20:05:00+00:00,31.26,19.87,0.235,23.53
856,2025-10-26 20:05:05+00:00,29.55,19.85,0.361,0.362
857,2025-10-26 20:05:10+00:00,29.07,19.85,0.49,0.521
858,2025-10-26 20:05:15+00:00,28.3,19.84,0.16,0.16
859,2025-10-26 20:05:20+00:00,27.63,19.84,0.089,0.089
860,2025-10-26 20:05:25+00:00,27.48,19.84,0.173,0.173
861,2025-10-26 20:05:30+00:00,27.59,19.84,0.248,0.248
862,2025-10-26 20:05:35+00:00,27.64,19.82,0.183,0.183
863,2025-10-26 20:05:40+00:00,27.46,19.81,0.254,0.254
864,2025-10-26 20:05:45+00:00,27.19,19.81,0.405,0.41
865,2025-10-26 20:05:50+00:00,28.24,19.82,0.224,0.224
866,2025-10-26 20:05:55+00:00,28.55,19.82,0.949,1.176
867,2025-10-26 20:06:00+00:00,28.74,19.81,0.289,0.289
868,2025-10-26 20:06:05+00:00,29.31,19.81,0.253,0.253
869,2025-10-26 20:06:10+00:00,29.04,19.78,0.255,0.256
870,2025-10-26 20:06:15+00:00,28.52,19.8,0.242,0.242
871,2025-10-26 20:06:20+00:00,29.5,19.81,0.383,0.383
872,2025-10-26 20:06:25+00:00,29.54,19.82,0.114,0.114
873,2025-10-26 20:06:30+00:00,29.15,19.81,0.748,8.559
874,2025-10-26 20:06:35+00:00,29.7,19.81,0.252,0.252
875,2025-10-26 20:06:40+00:00,29.54,19.8,0.13,0.13
876,2025-10-26 20:06:45+00:00,29.85,19.8,0.239,0.239
877,2025-10-26 20:06:50+00:00,31.12,19.8,0.209,0.209
878,2025-10-26 20:06:55+00:00,32.19,19.8,0.128,0.128
879,2025-10-26 20:07:00+00:00,33.0,19.81,0.194,0.194
880,2025-10-26 20:07:05+00:00,33.69,19.81,0.209,0.209
881,2025-10-26 20:07:10+00:00,33.6,19.81,0.257,0.257
882,2025-10-26 20:07:15+00:00,33.32,19.82,0.114,0.114
883,2025-10-26 20:07:20+00:00,34.13,19.8,0.169,0.17
884,2025-10-26 20:07:25+00:00,35.42,19.81,0.648,0.869
885,2025-10-26 20:07:30+00:00,34.84,19.81,0.69,0.909
886,2025-10-26 20:07:35+00:00,33.92,19.82,0.178,0.178
887,2025-10-26 20:07:40+00:00,33.95,19.8,0.182,0.182
888,2025-10-26 20:07:45+00:00,32.75,19.81,0.269,0.273
889,2025-10-26 20:07:50+00:00,31.01,19.8,0.868,1.78
890,2025-10-26 20:07:55+00:00,29.98,19.82,0.066,0.066
891,2025-10-26 20:08:00+00:00,29.84,19.81,0.459,0.463
892,2025-10-26 20:08:05+00:00,29.89,19.8,1.15,4.128
893,2025-10-26 20:08:10+00:00,29.61,19.82,0.496,0.527
894,2025-10-26 20:08:15+00:00,31.31,19.81,0.124,0.124
895,2025-10-26 20:08:20+00:00,33.22,19.82,0.136,0.136
896,2025-10-26 20:08:25+00:00,33.97,19.82,0.417,0.449
897,2025-10-26 20:08:30+00:00,34.71,19.82,0.174,0.174
898,2025-10-26 20:08:35+00:00,34.63,19.81,0.11,0.11
899,2025-10-26 20:08:40+00:00,34.42,19.84,0.598,14.871
900,2025-10-26 20:08:45+00:00,35.28,19.84,0.854,1.755
901,2025-10-26 20:08:50+00:00,36.37,19.85,0.153,0.153
902,2025-10-26 20:08:55+00:00,35.54,19.82,0.447,0.479
903,2025-10-26 20:09:00+00:00,35.73,19.85,0.212,0.212
904,2025-10-26 20:09:05+00:00,34.71,19.84,0.15,0.15
905,2025-10-26 20:09:10+00:00,32.55,19.82,0.192,0.192
906,2025-10-26 20:09:15+00:00,31.23,19.81,0.121,0.121
907,2025-10-26 20:09:20+00:00,32.34,19.84,0.067,0.067
908,2025-10-26 20:09:25+00:00,33.87,19.82,0.073,0.073
909,2025-10-26 20:09:30+00:00,33.64,19.82,0.11,0.11
910,2025-10-26 20:09:35+00:00,32.0,19.84,0.202,0.202
911,2025-10-26 20:09:40+00:00,32.05,19.81,0.261,0.261
912,2025-10-26 20:09:45+00:00,31.44,19.8,0.133,0.133
913,2025-10-26 20:09:50+00:00,31.68,19.81,0.466,0.496
914,2025-10-26 20:09:55+00:00,32.01,19.81,0.128,0.128
915,2025-10-26 20:10:00+00:00,31.18,19.81,0.911,3.711
916,2025-10-26 20:10:05+00:00,29.88,19.78,0.149,0.149
917,2025-10-26 20:10:10+00:00,29.92,19.78,0.152,0.152
918,2025-10-26 20:10:15+00:00,29.81,19.78,0.316,0.32
919,2025-10-26 20:10:20+00:00,30.43,19.8,0.071,0.071
920,2025-10-26 20:10:25+00:00,30.1,19.8,0.112,0.112
921,2025-10-26 20:10:30+00:00,29.84,19.8,0.232,0.236
922,2025-10-26 20:10:35+00:00,30.43,19.78,0.146,0.146
923,2025-10-26 20:10:40+00:00,30.58,19.78,1.099,1.496
924,2025-10-26 20:10:45+00:00,31.06,19.77,0.14,0.14
925,2025-10-26 20:10:50+00:00,30.43,19.8,0.395,0.426
926,2025-10-26 20:10:55+00:00,29.91,19.81,0.14,0.14
927,2025-10-26 20:11:00+00:00,30.44,19.77,0.168,0.168
928,2025-10-26 20:11:05+00:00,31.94,19.78,0.111,0.111
929,2025-10-26 20:11:10+00:00,31.71,19.78,0.17,0.17
930,2025-10-26 20:11:15+00:00,30.54,19.77,0.104,0.104
931,2025-10-26 20:11:20+00:00,29.76,19.77,0.167,0.168
932,2025-10-26 20:11:25+00:00,30.09,19.77,0.217,0.217
933,2025-10-26 20:11:30+00:00,29.99,19.76,0.126,0.126
934,2025-10-26 20:11:35+00:00,30.33,19.74,0.121,0.121
935,2025-10-26 20:11:40+00:00,30.99,19.76,0.651,7.323
936,2025-10-26 20:11:45+00:00,30.7,19.76,0.104,0.104
937,2025-10-26 20:11:50+00:00,30.02,19.76,0.384,0.412
938,2025-10-26 20:11:55+00:00,30.47,19.76,0.635,0.822
939,2025-10-26 20:12:00+00:00,30.95,19.73,0.208,0.208
940,2025-10-26 20:12:05+00:00,31.73,19.74,0.184,0.184
941,2025-10-26 20:12:10+00:00,32.61,19.76,0.167,0.167
942,2025-10-26 20:12:15+00:00,33.25,19.74,0.107,0.107
943,2025-10-26 20:12:20+00:00,32.73,19.73,0.264,0.268
944,2025-10-26 20:12:25+00:00,32.32,19.74,0.141,0.141
945,2025-10-26 20:12:30+00:00,31.13,19.73,0.686,0.875
946,2025-10-26 20:12:35+00:00,29.92,19.7,0.746,1.558
947,2025-10-26 20:12:40+00:00,31.04,19.71,0.07,0.07
948,2025-10-26 20:12:45+00:00,31.72,19.74,0.141,0.141
949,2025-10-26 20:12:50+00:00,30.69,19.7,0.076,0.076
950,2025-10-26 20:12:55+00:00,29.65,19.7,0.616,7.128
951,2025-10-26 20:13:00+00:00,30.29,19.7,0.085,0.085
952,2025-10-26 20:13:05+00:00,30.78,19.68,0.152,0.152
953,2025-10-26 20:13:10+00:00,30.08,19.71,0.144,0.144
954,2025-10-26 20:13:15+00:00,31.09,19.71,0.141,0.142
955,2025-10-26 20:13:20+00:00,31.67,19.7,0.12,0.12
956,2025-10-26 20:13:25+00:00,32.54,19.68,0.089,0.089
957,2025-10-26 20:13:30+00:00,30.7,19.7,0.375,0.403
958,2025-10-26 20:13:35+00:00,28.51,19.67,0.137,0.137
959,2025-10-26 20:13:40+00:00,28.39,19.67,0.044,0.044
960,2025-10-26 20:13:45+00:00,29.38,19.68,0.148,0.148
961,2025-10-26 20:13:50+00:00,29.76,19.67,0.112,0.112
962,2025-10-26 20:13:55+00:00,30.24,19.68,0.544,0.727
963,2025-10-26 20:14:00+00:00,29.87,19.67,0.118,0.118
964,2025-10-26 20:14:05+00:00,29.55,19.66,0.144,0.144
965,2025-10-26 20:14:10+00:00,29.79,19.67,0.167,0.167
966,2025-10-26 20:14:15+00:00,30.91,19.66,0.141,0.141
967,2025-10-26 20:14:20+00:00,31.24,19.64,0.119,0.119
968,2025-10-26 20:14:25+00:00,31.67,19.67,0.814,3.468
969,2025-10-26 20:14:30+00:00,31.22,19.67,0.062,0.062
970,2025-10-26 20:14:35+00:00,30.57,19.66,0.071,0.071
971,2025-10-26 20:14:40+00:00,32.22,19.66,0.11,0.11
972,2025-10-26 20:14:45+00:00,31.77,19.64,0.124,0.124
973,2025-10-26 20:14:50+00:00,31.01,19.63,0.487,0.516
974,2025-10-26 20:14:55+00:00,31.19,19.64,0.621,7.149
975,2025-10-26 20:15:00+00:00,31.99,19.64,0.202,0.202
976,2025-10-26 20:15:05+00:00,30.94,19.63,0.066,0.066
977,2025-10-26 20:15:10+00:00,30.97,19.61,0.26,0.26
978,2025-10-26 20:15:15+00:00,31.3,19.61,0.645,7.237
979,2025-10-26 20:15:20+00:00,30.35,19.58,1.09,1.466
980,2025-10-26 20:15:25+00:00,29.77,19.57,0.081,0.081
981,2025-10-26 20:15:30+00:00,29.11,19.58,0.05,0.05
982,2025-10-26 20:15:35+00:00,28.88,19.57,0.09,0.09
983,2025-10-26 20:15:40+00:00,29.23,19.57,0.184,0.185
984,2025-10-26 20:15:45+00:00,29.11,19.57,0.696,1.516
985,2025-10-26 20:15:50+00:00,28.77,19.56,0.155,0.155
986,2025-10-26 20:15:55+00:00,28.66,19.57,0.254,0.257
987,2025-10-26 20:16:00+00:00,28.97,19.54,0.202,0.205
988,2025-10-26 20:16:05+00:00,28.17,19.54,0.213,0.213
989,2025-10-26 20:16:10+00:00,27.91,19.53,0.214,0.214
990,2025-10-26 20:16:15+00:00,27.68,19.52,0.194,0.198
991,2025-10-26 20:16:20+00:00,27.95,19.53,0.773,1.618
992,2025-10-26 20:16:25+00:00,28.51,19.5,0.138,0.138
993,2025-10-26 20:16:30+00:00,28.23,19.5,0.127,0.127
994,2025-10-26 20:16:35+00:00,28.18,19.47,0.763,1.617
995,2025-10-26 20:16:40+00:00,28.15,19.49,0.199,0.199
996,2025-10-26 20:16:45+00:00,28.06,19.45,0.822,3.536
997,2025-10-26 20:16:50+00:00,28.18,19.46,0.104,0.104
998,2025-10-26 20:16:55+00:00,29.6,19.45,0.108,0.108
999,2025-10-26 20:17:00+00:00,30.68,19.45,0.136,0.136
1000,2025-10-26 20:17:05+00:00,30.93,19.43,0.444,0.474
1001,2025-10-26 20:17:10+00:00,29.75,19.41,0.118,0.119
1002,2025-10-26 20:17:15+00:00,29.69,19.4,1.077,7.978
1003,2025-10-26 20:17:20+00:00,29.65,19.4,0.25,0.25
1004,2025-10-26 20:17:25+00:00,31.12,19.4,0.127,0.127
1005,2025-10-26 20:17:30+00:00,31.87,19.41,0.68,0.877
1006,2025-10-26 20:17:35+00:00,32.4,19.43,0.212,0.212
1007,2025-10-26 20:17:40+00:00,32.22,19.41,0.168,0.168
1008,2025-10-26 20:17:45+00:00,32.33,19.41,0.629,0.691
1009,2025-10-26 20:17:50+00:00,32.34,19.41,0.876,1.773
1010,2025-10-26 20:17:55+00:00,31.35,19.41,0.148,0.148
1011,2025-10-26 20:18:00+00:00,30.02,19.39,0.108,0.109
1012,2025-10-26 20:18:05+00:00,30.25,19.39,0.153,0.153
1013,2025-10-26 20:18:10+00:00,30.16,19.39,0.166,0.167
1014,2025-10-26 20:18:15+00:00,32.07,19.41,0.278,0.282
1015,2025-10-26 20:18:20+00:00,33.35,19.39,0.093,0.093
1016,2025-10-26 20:18:25+00:00,34.78,19.39,0.161,0.161
1017,2025-10-26 20:18:30+00:00,34.77,19.41,0.268,0.268
1018,2025-10-26 20:18:35+00:00,33.96,19.45,0.125,0.125
1019,2025-10-26 20:18:40+00:00,34.71,19.41,0.171,0.171
1020,2025-10-26 20:18:45+00:00,33.28,19.37,0.21,0.214
1021,2025-10-26 20:18:50+00:00,32.42,19.4,0.093,0.093
1022,2025-10-26 20:18:55+00:00,32.78,19.41,0.09,0.09
1023,2025-10-26 20:19:00+00:00,31.95,19.4,1.089,2.025
1024,2025-10-26 20:19:05+00:00,31.05,19.39,0.859,3.734
1025,2025-10-26 20:19:10+00:00,31.87,19.41,1.377,9.563
1026,2025-10-26 20:19:15+00:00,31.68,19.43,0.611,0.82
1027,2025-10-26 20:19:20+00:00,31.18,19.41,0.761,0.972
1028,2025-10-26 20:19:25+00:00,31.54,19.41,1.058,3.929
1029,2025-10-26 20:19:30+00:00,32.4,19.4,0.625,0.831
1030,2025-10-26 20:19:35+00:00,32.42,19.4,1.424,9.544
1031,2025-10-26 20:19:40+00:00,32.82,19.4,0.153,0.153
1032,2025-10-26 20:19:45+00:00,33.07,19.45,0.914,3.789
1033,2025-10-26 20:19:50+00:00,32.73,19.43,0.678,7.942
1034,2025-10-26 20:19:55+00:00,31.62,19.41,0.068,0.068
1035,2025-10-26 20:20:00+00:00,31.67,19.41,0.92,3.924
1036,2025-10-26 20:20:05+00:00,32.71,19.4,0.158,0.158
1037,2025-10-26 20:20:10+00:00,32.05,19.4,0.213,0.213
1038,2025-10-26 20:20:15+00:00,30.58,19.37,0.099,0.099
1039,2025-10-26 20:20:20+00:00,29.54,19.36,0.133,0.133
1040,2025-10-26 20:20:25+00:00,28.78,19.34,1.671,7.515
1041,2025-10-26 20:20:30+00:00,28.46,19.34,0.168,0.168
1042,2025-10-26 20:20:35+00:00,28.05,19.37,0.226,0.226
1043,2025-10-26 20:20:40+00:00,28.18,19.39,0.244,0.248
1044,2025-10-26 20:20:45+00:00,28.35,19.34,0.15,0.15
1045,2025-10-26 20:20:50+00:00,29.01,19.34,0.142,0.142
1046,2025-10-26 20:20:55+00:00,30.73,19.37,0.146,0.146
1047,2025-10-26 20:21:00+00:00,30.7,19.37,0.126,0.126
1048,2025-10-26 20:21:05+00:00,31.38,19.37,0.086,0.086
1049,2025-10-26 20:21:10+00:00,33.82,19.37,0.105,0.105
1050,2025-10-26 20:21:15+00:00,34.53,19.37,0.164,0.164
1051,2025-10-26 20:21:20+00:00,33.29,19.4,0.12,0.12
1052,2025-10-26 20:21:25+00:00,33.22,19.37,0.352,0.383
1053,2025-10-26 20:21:30+00:00,31.44,19.33,0.426,0.43
1054,2025-10-26 20:21:35+00:00,30.36,19.37,0.162,0.162
1055,2025-10-26 20:21:40+00:00,29.58,19.37,0.187,0.187
1056,2025-10-26 20:21:45+00:00,29.67,19.36,0.123,0.123
1057,2025-10-26 20:21:50+00:00,29.73,19.34,0.129,0.129
1058,2025-10-26 20:21:55+00:00,30.83,19.36,0.186,0.186
1059,2025-10-26 20:22:00+00:00,32.67,19.36,0.102,0.102
1060,2025-10-26 20:22:05+00:00,31.91,19.34,0.15,32.998
1061,2025-10-26 20:22:10+00:00,30.59,19.33,0.146,0.146
1062,2025-10-26 20:22:15+00:00,30.29,19.34,0.143,0.144
1063,2025-10-26 20:22:20+00:00,30.54,19.33,0.76,0.968
1064,2025-10-26 20:22:25+00:00,30.58,19.36,0.227,0.227
1065,2025-10-26 20:22:30+00:00,31.03,19.36,0.123,0.123
1066,2025-10-26 20:22:35+00:00,31.2,19.34,0.145,0.145
1067,2025-10-26 20:22:40+00:00,30.87,19.34,0.043,0.043
1068,2025-10-26 20:22:45+00:00,29.6,19.33,0.097,0.097
1069,2025-10-26 20:22:50+00:00,28.89,19.31,0.111,0.111
1070,2025-10-26 20:22:55+00:00,28.83,19.33,0.093,0.093
1071,2025-10-26 20:23:00+00:00,29.3,19.34,0.113,0.113
1072,2025-10-26 20:23:05+00:00,29.65,19.34,0.451,0.482
1073,2025-10-26 20:23:10+00:00,29.54,19.34,0.373,0.405
1074,2025-10-26 20:23:15+00:00,29.81,19.33,0.146,0.146
1075,2025-10-26 20:23:20+00:00,29.72,19.31,0.949,1.859
1076,2025-10-26 20:23:25+00:00,29.99,19.34,0.133,0.133
1077,2025-10-26 20:23:30+00:00,30.14,19.33,0.128,0.128
1078,2025-10-26 20:23:35+00:00,29.58,19.34,0.164,0.164
1079,2025-10-26 20:23:40+00:00,29.49,19.36,0.062,0.062
1080,2025-10-26 20:23:45+00:00,29.49,19.34,0.114,0.114
1081,2025-10-26 20:23:50+00:00,29.31,19.34,0.176,0.176
1082,2025-10-26 20:23:55+00:00,30.04,19.33,0.524,0.555
1083,2025-10-26 20:24:00+00:00,30.91,19.31,0.488,0.519
1084,2025-10-26 20:24:05+00:00,29.96,19.31,0.136,0.136
1085,2025-10-26 20:24:10+00:00,28.93,19.31,0.808,1.695
1086,2025-10-26 20:24:15+00:00,29.07,19.3,0.079,0.079
1087,2025-10-26 20:24:20+00:00,29.44,19.34,0.079,0.079
1088,2025-10-26 20:24:25+00:00,29.66,19.31,0.187,0.187
1089,2025-10-26 20:24:30+00:00,28.86,19.33,0.113,0.113
1090,2025-10-26 20:24:35+00:00,28.06,19.3,0.394,0.426
1091,2025-10-26 20:24:40+00:00,27.97,19.31,0.134,0.134
1092,2025-10-26 20:24:45+00:00,28.2,19.31,0.124,0.124
1093,2025-10-26 20:24:50+00:00,27.93,19.31,0.095,0.095
1094,2025-10-26 20:24:55+00:00,28.54,19.27,0.151,0.151
1095,2025-10-26 20:25:00+00:00,28.89,19.29,0.088,0.088
1096,2025-10-26 20:25:05+00:00,28.79,19.27,0.172,0.173
1097,2025-10-26 20:25:10+00:00,28.36,19.29,0.09,0.09
1098,2025-10-26 20:25:15+00:00,28.97,19.27,0.122,0.122
1099,2025-10-26 20:25:20+00:00,28.43,19.26,0.105,0.105
1100,2025-10-26 20:25:25+00:00,28.58,19.29,0.084,0.084
1101,2025-10-26 20:25:30+00:00,28.46,19.29,0.701,8.335
1102,2025-10-26 20:25:35+00:00,28.82,19.29,0.907,1.157
1103,2025-10-26 20:25:40+00:00,28.84,19.29,0.185,0.185
1104,2025-10-26 20:25:45+00:00,29.28,19.29,1.385,2.537
1105,2025-10-26 20:25:50+00:00,29.12,19.27,0.083,0.083
1106,2025-10-26 20:25:55+00:00,29.12,19.26,0.203,0.203
1107,2025-10-26 20:26:00+00:00,28.71,19.27,0.249,0.249
1108,2025-10-26 20:26:05+00:00,28.8,19.27,0.192,0.192
1109,2025-10-26 20:26:10+00:00,28.82,19.29,0.102,0.102
1110,2025-10-26 20:26:15+00:00,28.95,19.29,0.215,0.219
1111,2025-10-26 20:26:20+00:00,29.3,19.29,0.195,0.195
1112,2025-10-26 20:26:25+00:00,29.01,19.29,0.132,0.132
1113,2025-10-26 20:26:30+00:00,28.76,19.31,0.162,0.162
1114,2025-10-26 20:26:35+00:00,30.1,19.29,0.147,0.147
1115,2025-10-26 20:26:40+00:00,30.86,19.29,0.17,0.171
1116,2025-10-26 20:26:45+00:00,30.67,19.29,0.104,0.104
1117,2025-10-26 20:26:50+00:00,30.34,19.29,0.149,0.149
1118,2025-10-26 20:26:55+00:00,29.75,19.31,0.973,1.924
1119,2025-10-26 20:27:00+00:00,30.05,19.31,0.228,0.228
1120,2025-10-26 20:27:05+00:00,31.06,19.29,0.31,0.31
1121,2025-10-26 20:27:10+00:00,32.54,19.3,0.139,0.139
1122,2025-10-26 20:27:15+00:00,34.05,19.29,0.751,8.196
1123,2025-10-26 20:27:20+00:00,34.49,19.3,0.186,0.186
1124,2025-10-26 20:27:25+00:00,35.16,19.26,0.27,0.274
1125,2025-10-26 20:27:30+00:00,35.12,19.29,0.075,0.075
1126,2025-10-26 20:27:35+00:00,33.88,19.3,0.474,0.506
1127,2025-10-26 20:27:40+00:00,33.74,19.3,0.216,0.216
1128,2025-10-26 20:27:45+00:00,34.11,19.3,0.195,0.196
1129,2025-10-26 20:27:50+00:00,33.94,19.3,0.12,0.12
1130,2025-10-26 20:27:55+00:00,34.11,19.29,0.087,0.087
1131,2025-10-26 20:28:00+00:00,32.95,19.29,0.137,0.137
1132,2025-10-26 20:28:05+00:00,32.28,19.29,0.158,0.158
1133,2025-10-26 20:28:10+00:00,31.08,19.26,0.131,0.131
1134,2025-10-26 20:28:15+00:00,32.13,19.29,0.138,0.138
1135,2025-10-26 20:28:20+00:00,33.55,19.26,0.13,0.13
1136,2025-10-26 20:28:25+00:00,33.38,19.29,0.106,0.106
1137,2025-10-26 20:28:30+00:00,33.28,19.26,0.096,0.096
1138,2025-10-26 20:28:35+00:00,33.63,19.26,0.112,0.112
1139,2025-10-26 20:28:40+00:00,33.41,19.25,0.114,0.114
1140,2025-10-26 20:28:45+00:00,33.17,19.26,0.116,0.116
1141,2025-10-26 20:28:50+00:00,33.77,19.23,0.256,0.26
1142,2025-10-26 20:28:55+00:00,34.24,19.23,0.303,0.307
1143,2025-10-26 20:29:00+00:00,34.83,19.25,0.896,1.763
1144,2025-10-26 20:29:05+00:00,34.67,19.22,0.145,0.145
1145,2025-10-26 20:29:10+00:00,32.0,19.23,0.168,0.168
1146,2025-10-26 20:29:15+00:00,30.7,19.22,0.847,3.611
1147,2025-10-26 20:29:20+00:00,30.87,19.2,0.442,0.443
1148,2025-10-26 20:29:25+00:00,31.03,19.19,0.872,1.709
1149,2025-10-26 20:29:30+00:00,31.94,19.18,0.233,0.236
1150,2025-10-26 20:29:35+00:00,33.44,19.18,0.369,0.398
1151,2025-10-26 20:29:40+00:00,32.67,19.19,0.172,0.172
1152,2025-10-26 20:29:45+00:00,32.21,19.18,0.626,7.331
1153,2025-10-26 20:29:50+00:00,32.96,19.18,0.232,0.232
1154,2025-10-26 20:29:55+00:00,33.28,19.16,0.195,0.196
1155,2025-10-26 20:30:00+00:00,32.53,19.15,0.172,0.172
1156,2025-10-26 20:30:05+00:00,31.07,19.13,0.565,0.752
1157,2025-10-26 20:30:10+00:00,30.18,19.15,0.124,0.124
1158,2025-10-26 20:30:15+00:00,30.15,19.15,0.156,0.156
1159,2025-10-26 20:30:20+00:00,29.97,19.1,0.175,21.285
1160,2025-10-26 20:30:25+00:00,30.49,19.13,0.09,0.09
1161,2025-10-26 20:30:30+00:00,30.52,19.1,0.096,0.096
1162,2025-10-26 20:30:35+00:00,30.89,19.12,0.181,0.181
1163,2025-10-26 20:30:40+00:00,30.85,19.13,0.901,1.751
1164,2025-10-26 20:30:45+00:00,30.69,19.13,0.851,1.688
1165,2025-10-26 20:30:50+00:00,29.82,19.1,0.722,0.78
1166,2025-10-26 20:30:55+00:00,30.6,19.09,0.094,0.094
1167,2025-10-26 20:31:00+00:00,31.13,19.09,0.196,0.196
1168,2025-10-26 20:31:05+00:00,31.08,19.06,0.105,0.105
1169,2025-10-26 20:31:10+00:00,31.36,19.08,0.771,1.614
1170,2025-10-26 20:31:15+00:00,31.92,19.05,0.614,0.807
1171,2025-10-26 20:31:20+00:00,32.37,19.08,0.208,0.208
1172,2025-10-26 20:31:25+00:00,31.93,19.05,0.495,0.528
1173,2025-10-26 20:31:30+00:00,30.93,19.06,0.206,0.206
1174,2025-10-26 20:31:35+00:00,30.09,19.05,0.626,0.657
1175,2025-10-26 20:31:40+00:00,29.88,19.03,1.61,22.99
1176,2025-10-26 20:31:45+00:00,30.08,19.01,0.114,0.114
1177,2025-10-26 20:31:50+00:00,29.71,19.02,0.149,0.149
1178,2025-10-26 20:31:55+00:00,29.57,18.98,0.171,0.171
1179,2025-10-26 20:32:00+00:00,29.29,19.01,0.093,0.093
1180,2025-10-26 20:32:05+00:00,29.11,19.01,0.531,14.882
1181,2025-10-26 20:32:10+00:00,28.88,18.95,0.768,8.073
1182,2025-10-26 20:32:15+00:00,28.66,18.95,0.321,0.325
1183,2025-10-26 20:32:20+00:00,28.54,18.94,0.109,0.109
1184,2025-10-26 20:32:25+00:00,28.41,18.91,0.479,0.511
1185,2025-10-26 20:32:30+00:00,28.81,18.91,0.126,0.126
1186,2025-10-26 20:32:35+00:00,29.25,18.92,0.098,0.098
1187,2025-10-26 20:32:40+00:00,29.48,18.95,0.144,0.144
1188,2025-10-26 20:32:45+00:00,29.12,18.91,0.152,0.152
1189,2025-10-26 20:32:50+00:00,30.29,18.92,0.138,0.138
1190,2025-10-26 20:32:55+00:00,30.6,18.91,0.215,0.215
1191,2025-10-26 20:33:00+00:00,30.73,18.91,0.155,0.156
1192,2025-10-26 20:33:05+00:00,31.44,18.89,0.334,0.338
1193,2025-10-26 20:33:10+00:00,31.48,18.88,0.14,0.14
1194,2025-10-26 20:33:15+00:00,30.99,18.88,0.364,0.394
1195,2025-10-26 20:33:20+00:00,31.15,18.88,0.165,0.165
1196,2025-10-26 20:33:25+00:00,31.01,18.91,0.15,0.15
1197,2025-10-26 20:33:30+00:00,31.26,18.89,0.582,0.781
1198,2025-10-26 20:33:35+00:00,30.86,18.87,0.283,0.286
1199,2025-10-26 20:33:40+00:00,30.67,18.88,0.15,0.15
1200,2025-10-26 20:33:45+00:00,31.52,18.88,1.153,3.969
1201,2025-10-26 20:33:50+00:00,32.88,18.87,0.147,0.147
1202,2025-10-26 20:33:55+00:00,34.02,18.87,0.081,0.081
1203,2025-10-26 20:34:00+00:00,34.53,18.87,0.673,0.874
1204,2025-10-26 20:34:05+00:00,33.75,18.84,0.212,0.212
1205,2025-10-26 20:34:10+00:00,33.66,18.85,0.305,0.305
1206,2025-10-26 20:34:15+00:00,32.92,18.88,0.166,0.166
1207,2025-10-26 20:34:20+00:00,33.11,18.85,0.645,0.843
1208,2025-10-26 20:34:25+00:00,33.0,18.87,0.111,0.111
1209,2025-10-26 20:34:30+00:00,33.91,18.84,0.189,0.189
1210,2025-10-26 20:34:35+00:00,35.27,18.84,0.485,0.515
1211,2025-10-26 20:34:40+00:00,34.54,18.82,1.258,4.041
1212,2025-10-26 20:34:45+00:00,33.87,18.81,0.243,0.243
1213,2025-10-26 20:34:50+00:00,33.49,18.85,0.157,0.157
1214,2025-10-26 20:34:55+00:00,33.95,18.79,1.082,1.335
1215,2025-10-26 20:35:00+00:00,33.48,18.79,0.374,13.808
1216,2025-10-26 20:35:05+00:00,32.38,18.78,0.116,0.116
1217,2025-10-26 20:35:10+00:00,31.95,18.79,0.204,0.204
1218,2025-10-26 20:35:15+00:00,31.72,18.75,0.106,0.106
1219,2025-10-26 20:35:20+00:00,31.98,18.76,0.339,0.343
1220,2025-10-26 20:35:25+00:00,32.58,18.76,0.151,0.151
1221,2025-10-26 20:35:30+00:00,33.21,18.75,0.222,0.222
1222,2025-10-26 20:35:35+00:00,32.53,18.74,0.105,0.105
1223,2025-10-26 20:35:40+00:00,32.72,18.74,0.348,0.378
1224,2025-10-26 20:35:45+00:00,32.62,18.72,0.185,0.186
1225,2025-10-26 20:35:50+00:00,32.57,18.72,0.184,0.185
1226,2025-10-26 20:35:55+00:00,33.18,18.71,0.277,0.278
1227,2025-10-26 20:36:00+00:00,32.87,18.67,0.129,0.129
1228,2025-10-26 20:36:05+00:00,31.67,18.67,0.152,0.152
1229,2025-10-26 20:36:10+00:00,31.43,18.68,0.872,1.716
1230,2025-10-26 20:36:15+00:00,31.12,18.65,0.254,0.255
1231,2025-10-26 20:36:20+00:00,30.49,18.65,0.967,14.701
1232,2025-10-26 20:36:25+00:00,30.07,18.64,0.851,7.705
1233,2025-10-26 20:36:30+00:00,30.22,18.62,0.432,0.461
1234,2025-10-26 20:36:35+00:00,31.7,18.61,0.613,0.805
1235,2025-10-26 20:36:40+00:00,33.49,18.62,0.829,1.68
1236,2025-10-26 20:36:45+00:00,34.04,18.61,0.091,0.091
1237,2025-10-26 20:36:50+00:00,33.94,18.6,0.568,0.598
1238,2025-10-26 20:36:55+00:00,33.9,18.58,0.124,0.124
1239,2025-10-26 20:37:00+00:00,33.35,18.58,0.142,0.142
1240,2025-10-26 20:37:05+00:00,32.23,18.58,0.42,0.45
1241,2025-10-26 20:37:10+00:00,33.13,18.6,0.352,0.382
1242,2025-10-26 20:37:15+00:00,33.24,18.6,1.003,1.232
1243,2025-10-26 20:37:20+00:00,33.45,18.57,0.082,0.082
1244,2025-10-26 20:37:25+00:00,32.8,18.54,0.424,0.454
1245,2025-10-26 20:37:30+00:00,31.82,18.57,0.268,0.268
1246,2025-10-26 20:37:35+00:00,31.39,18.54,0.127,0.127
1247,2025-10-26 20:37:40+00:00,30.55,18.51,0.202,0.202
1248,2025-10-26 20:37:45+00:00,30.87,18.55,0.839,3.646
1249,2025-10-26 20:37:50+00:00,32.61,18.51,0.136,0.136
1250,2025-10-26 20:37:55+00:00,33.48,18.54,0.803,3.581
1251,2025-10-26 20:38:00+00:00,34.77,18.52,0.235,0.235
1252,2025-10-26 20:38:05+00:00,35.92,18.54,0.099,0.099
1253,2025-10-26 20:38:10+00:00,35.44,18.51,0.248,0.249
1254,2025-10-26 20:38:15+00:00,33.44,18.5,0.14,0.14
1255,2025-10-26 20:38:20+00:00,33.39,18.48,0.233,0.233
1256,2025-10-26 20:38:25+00:00,33.06,18.5,0.132,0.132
1257,2025-10-26 20:38:30+00:00,32.45,18.48,0.145,0.145
1258,2025-10-26 20:38:35+00:00,31.58,18.47,0.147,0.147
1259,2025-10-26 20:38:40+00:00,31.36,18.47,0.096,0.096
1260,2025-10-26 20:38:45+00:00,32.34,18.47,0.102,0.102
1261,2025-10-26 20:38:50+00:00,32.88,18.47,0.147,0.147
1262,2025-10-26 20:38:55+00:00,32.85,18.46,0.154,0.154
1263,2025-10-26 20:39:00+00:00,31.58,18.46,0.118,0.118
1264,2025-10-26 20:39:05+00:00,30.67,18.41,0.163,0.164
1265,2025-10-26 20:39:10+00:00,31.74,18.41,0.153,0.153
1266,2025-10-26 20:39:15+00:00,33.44,18.44,0.153,33.272
1267,2025-10-26 20:39:20+00:00,33.87,18.44,0.163,0.163
1268,2025-10-26 20:39:25+00:00,33.97,18.44,0.117,0.117
1269,2025-10-26 20:39:30+00:00,33.67,18.43,0.658,0.869
1270,2025-10-26 20:39:35+00:00,33.7,18.41,1.183,8.967
1271,2025-10-26 20:39:40+00:00,33.09,18.41,0.214,0.214
1272,2025-10-26 20:39:45+00:00,32.91,18.41,0.253,0.257
1273,2025-10-26 20:39:50+00:00,33.47,18.41,0.226,0.226
1274,2025-10-26 20:39:55+00:00,34.47,18.4,0.134,0.134
1275,2025-10-26 20:40:00+00:00,34.82,18.41,0.36,0.364
1276,2025-10-26 20:40:05+00:00,35.3,18.38,0.24,0.24
1277,2025-10-26 20:40:10+00:00,35.54,18.37,0.113,0.113
1278,2025-10-26 20:40:15+00:00,34.3,18.38,0.21,0.21
1279,2025-10-26 20:40:20+00:00,34.64,18.37,0.257,0.257
1280,2025-10-26 20:40:25+00:00,33.66,18.37,0.086,0.086
1281,2025-10-26 20:40:30+00:00,33.38,18.37,0.124,0.124
1282,2025-10-26 20:40:35+00:00,32.39,18.34,0.203,0.203
1283,2025-10-26 20:40:40+00:00,31.64,18.36,0.138,0.138
1284,2025-10-26 20:40:45+00:00,31.47,18.33,0.144,0.144
1285,2025-10-26 20:40:50+00:00,31.44,18.33,0.125,0.125
1286,2025-10-26 20:40:55+00:00,33.18,18.33,0.69,0.903
1287,2025-10-26 20:41:00+00:00,33.71,18.34,0.737,0.802
1288,2025-10-26 20:41:05+00:00,32.68,18.33,0.269,0.273
1289,2025-10-26 20:41:10+00:00,33.2,18.33,0.68,8.145
1290,2025-10-26 20:41:15+00:00,32.44,18.29,0.139,0.139
1291,2025-10-26 20:41:20+00:00,31.99,18.29,0.97,1.897
1292,2025-10-26 20:41:25+00:00,31.88,18.3,0.954,1.874
1293,2025-10-26 20:41:30+00:00,31.48,18.3,0.075,0.075
1294,2025-10-26 20:41:35+00:00,30.45,18.27,0.775,1.0
1295,2025-10-26 20:41:40+00:00,30.29,18.26,0.211,0.211
1296,2025-10-26 20:41:45+00:00,31.25,18.24,0.117,0.117
1297,2025-10-26 20:41:50+00:00,32.31,18.27,0.174,0.174
1298,2025-10-26 20:41:55+00:00,32.73,18.24,0.113,0.113
1299,2025-10-26 20:42:00+00:00,32.48,18.24,0.083,0.083
1300,2025-10-26 20:42:05+00:00,32.31,18.24,0.453,0.487
1301,2025-10-26 20:42:10+00:00,33.27,18.23,0.194,0.194
1302,2025-10-26 20:42:15+00:00,33.29,18.21,1.521,2.717
1303,2025-10-26 20:42:20+00:00,33.46,18.21,0.894,1.122
1304,2025-10-26 20:42:25+00:00,32.84,18.21,0.095,0.095
1305,2025-10-26 20:42:30+00:00,32.61,18.24,0.18,0.18
1306,2025-10-26 20:42:35+00:00,32.76,18.21,0.116,0.116
1307,2025-10-26 20:42:40+00:00,32.26,18.24,0.891,1.855
1308,2025-10-26 20:42:45+00:00,31.73,18.23,0.132,0.132
1309,2025-10-26 20:42:50+00:00,30.8,18.21,0.244,0.248
1310,2025-10-26 20:42:55+00:00,30.87,18.2,0.915,3.997
1311,2025-10-26 20:43:00+00:00,31.48,18.17,0.168,0.168
1312,2025-10-26 20:43:05+00:00,31.78,18.17,0.108,0.108
1313,2025-10-26 20:43:10+00:00,31.79,18.16,0.693,8.327
1314,2025-10-26 20:43:15+00:00,32.98,18.17,0.197,0.197
1315,2025-10-26 20:43:20+00:00,32.7,18.17,0.154,0.154
1316,2025-10-26 20:43:25+00:00,32.32,18.16,0.255,0.255
1317,2025-10-26 20:43:30+00:00,32.77,18.16,0.268,0.268
1318,2025-10-26 20:43:35+00:00,33.49,18.14,0.688,0.901
1319,2025-10-26 20:43:40+00:00,34.31,18.14,0.3,0.304
1320,2025-10-26 20:43:45+00:00,34.37,18.11,0.167,0.167
1321,2025-10-26 20:43:50+00:00,32.96,18.13,0.107,0.107
1322,2025-10-26 20:43:55+00:00,30.96,18.13,0.135,0.135
1323,2025-10-26 20:44:00+00:00,30.14,18.09,0.151,0.151
1324,2025-10-26 20:44:05+00:00,30.62,18.11,0.135,0.135
1325,2025-10-26 20:44:10+00:00,31.35,18.1,0.158,0.158
1326,2025-10-26 20:44:15+00:00,31.87,18.1,0.111,0.111
1327,2025-10-26 20:44:20+00:00,32.24,18.09,0.878,1.848
1328,2025-10-26 20:44:25+00:00,33.6,18.07,0.247,0.251
1329,2025-10-26 20:44:30+00:00,34.62,18.07,0.28,0.284
1330,2025-10-26 20:44:35+00:00,35.49,18.06,0.172,0.172
1331,2025-10-26 20:44:40+00:00,34.69,18.04,0.427,0.46
1332,2025-10-26 20:44:45+00:00,33.32,18.04,0.149,0.149
1333,2025-10-26 20:44:50+00:00,32.85,18.04,0.183,0.183
1334,2025-10-26 20:44:55+00:00,33.47,18.01,0.143,0.144
1335,2025-10-26 20:45:00+00:00,34.17,18.03,0.251,0.256
1336,2025-10-26 20:45:05+00:00,33.57,18.03,0.096,0.096
1337,2025-10-26 20:45:10+00:00,33.7,18.0,0.121,0.121
1338,2025-10-26 20:45:15+00:00,33.94,18.0,0.442,15.745
1339,2025-10-26 20:45:20+00:00,33.67,18.01,2.148,3.404
1340,2025-10-26 20:45:25+00:00,33.72,18.03,0.135,0.135
1341,2025-10-26 20:45:30+00:00,33.22,18.0,0.144,0.144
1342,2025-10-26 20:45:35+00:00,33.86,17.99,0.467,0.476
1343,2025-10-26 20:45:40+00:00,34.19,17.97,0.42,0.453
1344,2025-10-26 20:45:45+00:00,33.29,17.99,0.217,0.217
1345,2025-10-26 20:45:50+00:00,31.97,17.97,0.202,0.202
1346,2025-10-26 20:45:55+00:00,31.79,17.96,0.203,0.203
1347,2025-10-26 20:46:00+00:00,32.06,17.97,0.195,0.196
1348,2025-10-26 20:46:05+00:00,32.16,17.97,0.121,0.121
1349,2025-10-26 20:46:10+00:00,32.39,17.97,0.186,0.186
1350,2025-10-26 20:46:15+00:00,32.52,17.96,0.65,0.866
1351,2025-10-26 20:46:20+00:00,32.7,17.96,0.839,1.781
1352,2025-10-26 20:46:25+00:00,31.76,17.96,0.614,0.83
1353,2025-10-26 20:46:30+00:00,31.36,17.96,0.161,0.161
1354,2025-10-26 20:46:35+00:00,31.36,17.93,1.289,4.356
1355,2025-10-26 20:46:40+00:00,31.31,17.94,0.876,1.829
1356,2025-10-26 20:46:45+00:00,32.11,17.92,0.133,0.133
1357,2025-10-26 20:46:50+00:00,31.91,17.9,1.016,2.015
1358,2025-10-26 20:46:55+00:00,31.99,17.89,0.241,0.242
1359,2025-10-26 20:47:00+00:00,31.94,17.93,0.137,0.137
1360,2025-10-26 20:47:05+00:00,31.63,17.92,0.52,0.558
1361,2025-10-26 20:47:10+00:00,32.09,17.9,0.149,0.149
1362,2025-10-26 20:47:15+00:00,30.76,17.92,0.082,0.082
1363,2025-10-26 20:47:20+00:00,30.58,17.9,0.131,0.131
1364,2025-10-26 20:47:25+00:00,31.07,17.92,0.166,0.166
1365,2025-10-26 20:47:30+00:00,31.13,17.92,0.175,0.176
1366,2025-10-26 20:47:35+00:00,30.95,17.9,0.427,0.462
1367,2025-10-26 20:47:40+00:00,30.99,17.92,0.109,0.109
1368,2025-10-26 20:47:45+00:00,31.56,17.88,0.174,0.175
1369,2025-10-26 20:47:50+00:00,31.96,17.9,0.134,0.134
1370,2025-10-26 20:47:55+00:00,32.66,17.9,0.757,0.992
1371,2025-10-26 20:48:00+00:00,33.81,17.9,0.121,0.121
1372,2025-10-26 20:48:05+00:00,34.41,17.89,0.133,0.133
1373,2025-10-26 20:48:10+00:00,34.71,17.9,0.263,0.264
1374,2025-10-26 20:48:15+00:00,33.93,17.88,0.107,0.107
1375,2025-10-26 20:48:20+00:00,33.28,17.89,0.116,0.116
1376,2025-10-26 20:48:25+00:00,33.3,17.89,0.259,0.259
1377,2025-10-26 20:48:30+00:00,33.76,17.9,0.299,0.304
1378,2025-10-26 20:48:35+00:00,34.62,17.88,0.661,0.7
1379,2025-10-26 20:48:40+00:00,34.94,17.9,0.102,0.102
1380,2025-10-26 20:48:45+00:00,34.33,17.88,0.236,0.24
1381,2025-10-26 20:48:50+00:00,33.63,17.85,0.102,0.102
1382,2025-10-26 20:48:55+00:00,32.06,17.88,0.14,0.14
1383,2025-10-26 20:49:00+00:00,31.54,17.86,0.162,0.162
1384,2025-10-26 20:49:05+00:00,31.97,17.86,0.117,0.117
1385,2025-10-26 20:49:10+00:00,32.54,17.85,0.16,0.16
1386,2025-10-26 20:49:15+00:00,33.28,17.83,0.119,0.119
1387,2025-10-26 20:49:20+00:00,33.86,17.83,0.986,1.934
1388,2025-10-26 20:49:25+00:00,33.89,17.83,0.242,0.242
1389,2025-10-26 20:49:30+00:00,33.48,17.85,0.122,0.122
1390,2025-10-26 20:49:35+00:00,33.98,17.86,0.145,0.145
1391,2025-10-26 20:49:40+00:00,34.8,17.86,0.122,0.122
1392,2025-10-26 20:49:45+00:00,33.78,17.85,0.132,0.132
1393,2025-10-26 20:49:50+00:00,32.72,17.85,0.102,0.102
1394,2025-10-26 20:49:55+00:00,31.93,17.85,0.16,0.16
1395,2025-10-26 20:50:00+00:00,30.94,17.85,0.268,0.272
1396,2025-10-26 20:50:05+00:00,31.3,17.79,0.396,0.401
1397,2025-10-26 20:50:10+00:00,30.35,17.82,0.911,3.825
1398,2025-10-26 20:50:15+00:00,29.83,17.8,0.1,0.1
1399,2025-10-26 20:50:20+00:00,29.46,17.8,0.655,0.86
1400,2025-10-26 20:50:25+00:00,29.48,17.79,0.097,0.097
1401,2025-10-26 20:50:30+00:00,30.45,17.8,0.079,0.079
1402,2025-10-26 20:50:35+00:00,30.8,17.8,0.192,0.192
1403,2025-10-26 20:50:40+00:00,31.16,17.78,0.676,0.881
1404,2025-10-26 20:50:45+00:00,30.83,17.79,0.091,0.091
1405,2025-10-26 20:50:50+00:00,30.8,17.76,0.146,0.146
1406,2025-10-26 20:50:55+00:00,30.53,17.78,0.092,0.092
1407,2025-10-26 20:51:00+00:00,30.57,17.76,0.068,0.068
1408,2025-10-26 20:51:05+00:00,30.79,17.76,0.166,0.166
1409,2025-10-26 20:51:10+00:00,30.58,17.76,0.24,0.241
1410,2025-10-26 20:51:15+00:00,31.07,17.76,0.303,0.307
1411,2025-10-26 20:51:20+00:00,31.67,17.76,0.105,0.105
1412,2025-10-26 20:51:25+00:00,33.11,17.78,0.236,0.24
1413,2025-10-26 20:51:30+00:00,33.9,17.75,0.119,0.119
1414,2025-10-26 20:51:35+00:00,33.79,17.76,0.191,0.191
1415,2025-10-26 20:51:40+00:00,33.54,17.78,0.107,0.107
1416,2025-10-26 20:51:45+00:00,32.83,17.78,0.163,0.163
1417,2025-10-26 20:51:50+00:00,32.32,17.78,0.374,0.406
1418,2025-10-26 20:51:55+00:00,31.64,17.76,0.122,0.122
1419,2025-10-26 20:52:00+00:00,31.09,17.76,1.471,2.589
1420,2025-10-26 20:52:05+00:00,30.72,17.76,1.318,2.432
1421,2025-10-26 20:52:10+00:00,30.45,17.75,0.836,1.741
1422,2025-10-26 20:52:15+00:00,31.18,17.75,0.366,0.374
1423,2025-10-26 20:52:20+00:00,31.94,17.78,0.124,0.124
1424,2025-10-26 20:52:25+00:00,31.87,17.76,0.126,0.126
1425,2025-10-26 20:52:30+00:00,31.02,17.75,0.201,0.201
1426,2025-10-26 20:52:35+00:00,30.71,17.73,0.083,0.083
1427,2025-10-26 20:52:40+00:00,30.46,17.78,0.834,1.727
1428,2025-10-26 20:52:45+00:00,31.5,17.72,0.109,0.109
1429,2025-10-26 20:52:50+00:00,31.01,17.73,0.124,0.124
1430,2025-10-26 20:52:55+00:00,30.76,17.73,0.142,0.142
1431,2025-10-26 20:53:00+00:00,30.65,17.71,0.357,0.388
1432,2025-10-26 20:53:05+00:00,30.64,17.73,0.296,0.297
1433,2025-10-26 20:53:10+00:00,31.16,17.73,0.072,0.072
1434,2025-10-26 20:53:15+00:00,31.14,17.73,0.239,0.239
1435,2025-10-26 20:53:20+00:00,31.07,17.72,0.57,0.772
1436,2025-10-26 20:53:25+00:00,31.42,17.72,0.844,1.727
1437,2025-10-26 20:53:30+00:00,31.05,17.73,0.18,0.18
1438,2025-10-26 20:53:35+00:00,31.35,17.73,0.094,0.094
1439,2025-10-26 20:53:40+00:00,31.94,17.73,0.122,0.122
1440,2025-10-26 20:53:45+00:00,31.42,17.75,0.625,7.737
1441,2025-10-26 20:53:50+00:00,31.98,17.73,0.144,0.144
1442,2025-10-26 20:53:55+00:00,32.54,17.73,0.194,0.194
1443,2025-10-26 20:54:00+00:00,32.62,17.71,1.105,8.421
1444,2025-10-26 20:54:05+00:00,32.41,17.73,0.998,15.264
1445,2025-10-26 20:54:10+00:00,32.18,17.72,0.676,0.884
1446,2025-10-26 20:54:15+00:00,32.8,17.72,0.118,0.118
1447,2025-10-26 20:54:20+00:00,32.63,17.72,0.172,0.172
1448,2025-10-26 20:54:25+00:00,32.14,17.71,0.149,0.149
1449,2025-10-26 20:54:30+00:00,30.99,17.69,0.097,0.097
1450,2025-10-26 20:54:35+00:00,30.92,17.69,0.402,0.433
1451,2025-10-26 20:54:40+00:00,30.36,17.66,0.097,0.097
1452,2025-10-26 20:54:45+00:00,30.39,17.68,0.63,0.841
1453,2025-10-26 20:54:50+00:00,30.18,17.66,0.111,0.111
1454,2025-10-26 20:54:55+00:00,29.98,17.66,0.97,15.486
1455,2025-10-26 20:55:00+00:00,29.96,17.64,0.197,0.201
1456,2025-10-26 20:55:05+00:00,29.69,17.65,1.133,2.071
1457,2025-10-26 20:55:10+00:00,29.98,17.61,0.111,0.111
1458,2025-10-26 20:55:15+00:00,29.82,17.66,0.209,0.21
1459,2025-10-26 20:55:20+00:00,29.93,17.66,0.179,0.179
1460,2025-10-26 20:55:25+00:00,30.36,17.65,0.184,0.185
1461,2025-10-26 20:55:30+00:00,30.52,17.65,0.164,0.164
1462,2025-10-26 20:55:35+00:00,31.22,17.64,0.108,0.108
1463,2025-10-26 20:55:40+00:00,31.25,17.62,0.621,0.827
1464,2025-10-26 20:55:45+00:00,31.09,17.65,0.12,0.12
1465,2025-10-26 20:55:50+00:00,30.3,17.61,0.203,0.203
1466,2025-10-26 20:55:55+00:00,29.92,17.58,0.26,0.264
1467,2025-10-26 20:56:00+00:00,30.49,17.59,0.164,0.164
1468,2025-10-26 20:56:05+00:00,30.49,17.59,0.988,1.227
1469,2025-10-26 20:56:10+00:00,30.92,17.62,0.062,0.062
1470,2025-10-26 20:56:15+00:00,32.38,17.59,0.158,0.158
1471,2025-10-26 20:56:20+00:00,34.69,17.61,0.109,0.109
1472,2025-10-26 20:56:25+00:00,34.76,17.61,0.192,0.192
1473,2025-10-26 20:56:30+00:00,34.88,17.61,0.121,0.121
1474,2025-10-26 20:56:35+00:00,34.88,17.61,0.2,0.2
1475,2025-10-26 20:56:40+00:00,35.48,17.61,0.114,0.114
1476,2025-10-26 20:56:45+00:00,34.94,17.61,1.412,2.555
1477,2025-10-26 20:56:50+00:00,35.52,17.59,0.146,0.146
1478,2025-10-26 20:56:55+00:00,36.26,17.64,0.212,0.212
1479,2025-10-26 20:57:00+00:00,36.49,17.59,0.373,0.405
1480,2025-10-26 20:57:05+00:00,36.63,17.59,0.189,0.19
1481,2025-10-26 20:57:10+00:00,34.45,17.61,0.108,0.108
1482,2025-10-26 20:57:15+00:00,32.53,17.58,0.597,0.808
1483,2025-10-26 20:57:20+00:00,31.34,17.61,0.117,0.117
1484,2025-10-26 20:57:25+00:00,30.84,17.61,0.117,0.117
1485,2025-10-26 20:57:30+00:00,30.47,17.61,0.151,0.151
1486,2025-10-26 20:57:35+00:00,30.72,17.59,0.141,0.141
1487,2025-10-26 20:57:40+00:00,32.64,17.61,0.244,0.244
1488,2025-10-26 20:57:45+00:00,34.2,17.59,0.154,0.154
1489,2025-10-26 20:57:50+00:00,34.44,17.58,0.835,1.734
1490,2025-10-26 20:57:55+00:00,35.22,17.59,0.646,0.852
1491,2025-10-26 20:58:00+00:00,34.18,17.59,0.078,0.078
1492,2025-10-26 20:58:05+00:00,34.0,17.61,0.194,0.194
1493,2025-10-26 20:58:10+00:00,34.76,17.59,0.194,0.195
1494,2025-10-26 20:58:15+00:00,35.34,17.59,0.692,0.755
1495,2025-10-26 20:58:20+00:00,35.81,17.58,0.204,0.204
1496,2025-10-26 20:58:25+00:00,34.99,17.61,0.108,0.108
1497,2025-10-26 20:58:30+00:00,34.42,17.59,0.095,0.095
1498,2025-10-26 20:58:35+00:00,33.89,17.61,0.912,1.799
1499,2025-10-26 20:58:40+00:00,33.75,17.56,0.373,0.404
1500,2025-10-26 20:58:45+00:00,33.78,17.55,0.405,0.436
1501,2025-10-26 20:58:50+00:00,33.34,17.58,0.182,0.182
1502,2025-10-26 20:58:55+00:00,34.13,17.56,0.567,0.774
1503,2025-10-26 20:59:00+00:00,34.29,17.56,0.087,0.087
1504,2025-10-26 20:59:05+00:00,34.08,17.59,0.223,0.224
1505,2025-10-26 20:59:10+00:00,35.23,17.55,0.62,0.825
1506,2025-10-26 20:59:15+00:00,36.16,17.55,0.185,0.186
1507,2025-10-26 20:59:20+00:00,35.15,17.55,0.135,0.135
1508,2025-10-26 20:59:25+00:00,34.11,17.56,0.119,0.119
1509,2025-10-26 20:59:30+00:00,33.45,17.56,0.121,0.121
1510,2025-10-26 20:59:35+00:00,33.25,17.55,0.123,0.123
1511,2025-10-26 20:59:40+00:00,32.48,17.55,0.262,0.262
1512,2025-10-26 20:59:45+00:00,31.52,17.52,0.233,0.233
1513,2025-10-26 20:59:50+00:00,30.69,17.55,0.264,0.268
1514,2025-10-26 20:59:55+00:00,30.41,17.55,0.062,0.062
