,timestamp_iso,sample_rh,sample_temp,opc_pm25,opc_pm10,timeStamp,Time,Date,instrumentID,timestamp_iso,sample_rh,sample_temp,opc_pm25,opc_pm10,timeStamp,Time,Date,instrumentID
0,2025-11-01 01:00:00+00:00,50.035,22.1125,1.7734166666666666,5.0737499999999995,1.0,01:00:00,2025-11-01,378,2025-11-01 01:00:00+00:00,50.5025,22.05666666666667,1.6655833333333332,4.472833333333333,1,01:00:00,2025-11-01,384
1,2025-11-01 01:01:00+00:00,49.80166666666667,22.1825,1.5527499999999999,4.437416666666667,2.0,01:01:00,2025-11-01,378,2025-11-01 01:01:00+00:00,50.240833333333335,22.131666666666664,1.3206666666666667,3.667083333333333,2,01:01:00,2025-11-01,384
2,2025-11-01 01:02:00+00:00,49.5425,22.25916666666667,1.4854166666666666,3.31575,3.0,01:02:00,2025-11-01,378,2025-11-01 01:02:00+00:00,50.06916666666667,22.2175,1.34225,2.410416666666667,3,01:02:00,2025-11-01,384
3,2025-11-01 01:03:00+00:00,49.43666666666667,22.34,1.8705,9.393666666666666,4.0,01:03:00,2025-11-01,378,2025-11-01 01:03:00+00:00,49.76166666666666,22.296666666666667,1.9094166666666668,8.298166666666667,4,01:03:00,2025-11-01,384
4,2025-11-01 01:04:00+00:00,49.3975,22.403333333333332,1.7765833333333332,7.851,5.0,01:04:00,2025-11-01,378,2025-11-01 01:04:00+00:00,49.72416666666667,22.364166666666666,1.5032500000000002,3.8125,5,01:04:00,2025-11-01,384
5,2025-11-01 01:05:00+00:00,48.91,22.471666666666668,1.4183333333333332,5.8702499999999995,6.0,01:05:00,2025-11-01,378,2025-11-01 01:05:00+00:00,49.29,22.433333333333334,1.69775,8.404083333333332,6,01:05:00,2025-11-01,384
6,2025-11-01 01:06:00+00:00,48.83416666666667,22.5275,1.5114166666666666,7.197416666666666,7.0,01:06:00,2025-11-01,378,2025-11-01 01:06:00+00:00,49.32333333333333,22.49416666666667,1.7169166666666669,7.734666666666667,7,01:06:00,2025-11-01,384
7,2025-11-01 01:07:00+00:00,48.574999999999996,22.588333333333335,1.417,2.9631666666666665,8.0,01:07:00,2025-11-01,378,2025-11-01 01:07:00+00:00,48.89000000000001,22.5725,0.9856666666666666,2.3905,8,01:07:00,2025-11-01,384
8,2025-11-01 01:08:00+00:00,48.65416666666667,22.638333333333332,1.3410833333333334,1.6008333333333333,9.0,01:08:00,2025-11-01,378,2025-11-01 01:08:00+00:00,48.96,22.629166666666666,1.5161666666666667,9.890749999999999,9,01:08:00,2025-11-01,384
9,2025-11-01 01:09:00+00:00,48.52166666666667,22.6925,1.2461666666666666,3.2285,10.0,01:09:00,2025-11-01,378,2025-11-01 01:09:00+00:00,48.88333333333333,22.6875,1.4797500000000001,5.73675,10,01:09:00,2025-11-01,384
10,2025-11-01 01:10:00+00:00,48.45583333333334,22.733333333333334,1.3738333333333335,4.447666666666667,11.0,01:10:00,2025-11-01,378,2025-11-01 01:10:00+00:00,48.689166666666665,22.746666666666666,1.7185833333333334,4.378916666666667,11,01:10:00,2025-11-01,384
11,2025-11-01 01:11:00+00:00,48.23916666666667,22.784166666666668,1.3255833333333333,4.01775,12.0,01:11:00,2025-11-01,378,2025-11-01 01:11:00+00:00,48.54666666666666,22.800833333333333,1.49925,4.0445,12,01:11:00,2025-11-01,384
12,2025-11-01 01:12:00+00:00,47.95416666666667,22.834999999999997,1.3206666666666667,4.05375,13.0,01:12:00,2025-11-01,378,2025-11-01 01:12:00+00:00,48.08083333333334,22.861666666666668,1.25825,6.211749999999999,13,01:12:00,2025-11-01,384
13,2025-11-01 01:13:00+00:00,48.0825,22.88083333333333,1.7175833333333335,6.566083333333334,14.0,01:13:00,2025-11-01,378,2025-11-01 01:13:00+00:00,48.19,22.903333333333332,1.47375,3.029583333333333,14,01:13:00,2025-11-01,384
14,2025-11-01 01:14:00+00:00,48.07749999999999,22.920833333333334,1.47475,2.5935,15.0,01:14:00,2025-11-01,378,2025-11-01 01:14:00+00:00,48.19166666666666,22.93416666666667,1.2105,4.6375,15,01:14:00,2025-11-01,384
15,2025-11-01 01:15:00+00:00,47.968333333333334,22.964166666666667,1.6495833333333334,5.088,16.0,01:15:00,2025-11-01,378,2025-11-01 01:15:00+00:00,48.05416666666667,22.984166666666667,1.2745,8.329583333333334,16,01:15:00,2025-11-01,384
16,2025-11-01 01:16:00+00:00,47.62416666666667,22.998333333333335,1.53775,2.579833333333333,17.0,01:16:00,2025-11-01,378,2025-11-01 01:16:00+00:00,47.788333333333334,23.016666666666666,1.6488333333333334,5.6065,17,01:16:00,2025-11-01,384
17,2025-11-01 01:17:00+00:00,47.60166666666667,23.0425,1.2644166666666667,2.5744166666666666,18.0,01:17:00,2025-11-01,378,2025-11-01 01:17:00+00:00,47.685,23.0575,1.4364999999999999,8.742916666666666,18,01:17:00,2025-11-01,384
18,2025-11-01 01:18:00+00:00,47.74666666666667,23.075833333333332,1.5829166666666665,9.436416666666666,19.0,01:18:00,2025-11-01,378,2025-11-01 01:18:00+00:00,47.928333333333335,23.099166666666665,1.4023333333333332,2.8659166666666667,19,01:18:00,2025-11-01,384
19,2025-11-01 01:19:00+00:00,47.62416666666667,23.116666666666664,1.2530833333333333,7.776166666666666,20.0,01:19:00,2025-11-01,378,2025-11-01 01:19:00+00:00,47.791666666666664,23.135,1.1726666666666665,1.44525,20,01:19:00,2025-11-01,384
20,2025-11-01 01:20:00+00:00,47.55916666666667,23.147499999999997,1.04925,2.1883333333333335,21.0,01:20:00,2025-11-01,378,2025-11-01 01:20:00+00:00,47.748333333333335,23.180833333333336,1.07125,1.9355833333333334,21,01:20:00,2025-11-01,384
21,2025-11-01 01:21:00+00:00,47.41583333333333,23.18166666666667,1.3375833333333336,2.19125,22.0,01:21:00,2025-11-01,378,2025-11-01 01:21:00+00:00,47.565,23.214166666666667,1.0363333333333333,3.0836666666666663,22,01:21:00,2025-11-01,384
22,2025-11-01 01:22:00+00:00,47.307500000000005,23.209166666666665,1.79525,6.331,23.0,01:22:00,2025-11-01,378,2025-11-01 01:22:00+00:00,47.51916666666667,23.251666666666665,1.165,4.405666666666666,23,01:22:00,2025-11-01,384
23,2025-11-01 01:23:00+00:00,47.30416666666667,23.228333333333335,1.2495833333333333,4.426333333333333,24.0,01:23:00,2025-11-01,378,2025-11-01 01:23:00+00:00,47.51,23.270833333333332,0.8594166666666667,8.364833333333333,24,01:23:00,2025-11-01,384
24,2025-11-01 01:24:00+00:00,47.19083333333333,23.260833333333334,1.3888333333333334,3.6173333333333333,25.0,01:24:00,2025-11-01,378,2025-11-01 01:24:00+00:00,47.182500000000005,23.295,1.17875,2.986166666666667,25,01:24:00,2025-11-01,384
25,2025-11-01 01:25:00+00:00,47.225,23.28916666666667,1.2321666666666666,8.655166666666666,26.0,01:25:00,2025-11-01,378,2025-11-01 01:25:00+00:00,47.229166666666664,23.3275,1.2759166666666666,11.086999999999998,26,01:25:00,2025-11-01,384
26,2025-11-01 01:26:00+00:00,47.01416666666666,23.309166666666666,1.20675,5.772916666666666,27.0,01:26:00,2025-11-01,378,2025-11-01 01:26:00+00:00,46.89333333333334,23.345,1.41475,8.32725,27,01:26:00,2025-11-01,384
27,2025-11-01 01:27:00+00:00,46.94916666666666,23.334166666666665,1.0170833333333333,2.3718333333333335,28.0,01:27:00,2025-11-01,378,2025-11-01 01:27:00+00:00,47.11416666666667,23.36583333333333,1.62075,5.03425,28,01:27:00,2025-11-01,384
28,2025-11-01 01:28:00+00:00,46.76333333333333,23.359166666666667,1.5446666666666669,3.747083333333333,29.0,01:28:00,2025-11-01,378,2025-11-01 01:28:00+00:00,46.909166666666664,23.396666666666665,1.00475,6.398499999999999,29,01:28:00,2025-11-01,384
29,2025-11-01 01:29:00+00:00,46.82583333333333,23.377499999999998,1.1268333333333334,1.7229166666666667,30.0,01:29:00,2025-11-01,378,2025-11-01 01:29:00+00:00,46.92416666666667,23.418333333333333,1.0081666666666667,4.896333333333333,30,01:29:00,2025-11-01,384
30,2025-11-01 01:30:00+00:00,46.815,23.39916666666667,1.0106666666666666,6.502,31.0,01:30:00,2025-11-01,378,2025-11-01 01:30:00+00:00,46.9725,23.444166666666664,0.9003333333333333,0.9676666666666667,31,01:30:00,2025-11-01,384
31,2025-11-01 01:31:00+00:00,46.74666666666667,23.425,1.1521666666666668,6.594416666666667,32.0,01:31:00,2025-11-01,378,2025-11-01 01:31:00+00:00,46.759166666666665,23.464166666666667,1.0951666666666666,2.829916666666667,32,01:31:00,2025-11-01,384
32,2025-11-01 01:32:00+00:00,46.8425,23.44333333333333,0.9812500000000001,1.7451666666666668,33.0,01:32:00,2025-11-01,378,2025-11-01 01:32:00+00:00,46.373333333333335,23.481666666666666,0.7695833333333333,2.6961666666666666,33,01:32:00,2025-11-01,384
33,2025-11-01 01:33:00+00:00,46.5525,23.458333333333332,1.09925,3.1368333333333336,34.0,01:33:00,2025-11-01,378,2025-11-01 01:33:00+00:00,46.49166666666667,23.5,0.9498333333333333,1.7346666666666666,34,01:33:00,2025-11-01,384
34,2025-11-01 01:34:00+00:00,46.60999999999999,23.4725,1.1853333333333333,1.7316666666666667,35.0,01:34:00,2025-11-01,378,2025-11-01 01:34:00+00:00,46.580000000000005,23.518333333333334,1.17075,4.1125,35,01:34:00,2025-11-01,384
35,2025-11-01 01:35:00+00:00,46.56583333333333,23.495,1.1651666666666667,5.189416666666666,36.0,01:35:00,2025-11-01,378,2025-11-01 01:35:00+00:00,46.774166666666666,23.543333333333333,1.2160833333333334,1.8570833333333334,36,01:35:00,2025-11-01,384
36,2025-11-01 01:36:00+00:00,46.39083333333334,23.510833333333334,1.1691666666666667,2.1774999999999998,37.0,01:36:00,2025-11-01,378,2025-11-01 01:36:00+00:00,46.50083333333333,23.5575,0.99625,2.4864166666666665,37,01:36:00,2025-11-01,384
37,2025-11-01 01:37:00+00:00,46.43333333333334,23.525833333333335,1.0980833333333333,1.6005833333333335,38.0,01:37:00,2025-11-01,378,2025-11-01 01:37:00+00:00,46.555,23.570833333333336,0.8940833333333332,1.04725,38,01:37:00,2025-11-01,384
38,2025-11-01 01:38:00+00:00,46.51583333333334,23.54416666666667,1.1086666666666667,3.94225,39.0,01:38:00,2025-11-01,378,2025-11-01 01:38:00+00:00,46.550000000000004,23.587500000000002,1.0316666666666665,4.5765,39,01:38:00,2025-11-01,384
39,2025-11-01 01:39:00+00:00,46.46666666666667,23.5625,1.4349999999999998,4.425833333333333,40.0,01:39:00,2025-11-01,378,2025-11-01 01:39:00+00:00,46.586666666666666,23.599999999999998,1.2170833333333333,2.6823333333333337,40,01:39:00,2025-11-01,384
40,2025-11-01 01:40:00+00:00,46.416666666666664,23.58,0.9199999999999999,1.0729166666666667,41.0,01:40:00,2025-11-01,378,2025-11-01 01:40:00+00:00,46.50416666666667,23.611666666666665,1.3398333333333332,2.767916666666667,41,01:40:00,2025-11-01,384
41,2025-11-01 01:41:00+00:00,46.37,23.595,0.9175,2.6471666666666667,42.0,01:41:00,2025-11-01,378,2025-11-01 01:41:00+00:00,46.505,23.625833333333333,1.2166666666666666,3.6108333333333333,42,01:41:00,2025-11-01,384
42,2025-11-01 01:42:00+00:00,46.42083333333333,23.613333333333333,1.4390833333333333,2.525166666666667,43.0,01:42:00,2025-11-01,378,2025-11-01 01:42:00+00:00,46.52583333333333,23.639166666666668,1.30075,5.237333333333333,43,01:42:00,2025-11-01,384
43,2025-11-01 01:43:00+00:00,46.195,23.613333333333333,1.47025,3.1214999999999997,44.0,01:43:00,2025-11-01,378,2025-11-01 01:43:00+00:00,46.336666666666666,23.6525,1.4329999999999998,1.8985,44,01:43:00,2025-11-01,384
44,2025-11-01 01:44:00+00:00,46.10583333333333,23.635833333333334,1.6579166666666667,4.0205,45.0,01:44:00,2025-11-01,378,2025-11-01 01:44:00+00:00,46.25666666666667,23.670833333333334,1.65125,6.203333333333333,45,01:44:00,2025-11-01,384
45,2025-11-01 01:45:00+00:00,46.050000000000004,23.640833333333333,1.5895,3.013083333333333,46.0,01:45:00,2025-11-01,378,2025-11-01 01:45:00+00:00,46.25333333333333,23.688333333333333,1.8940000000000001,4.66925,46,01:45:00,2025-11-01,384
46,2025-11-01 01:46:00+00:00,46.23166666666666,23.65833333333333,2.315166666666667,7.200166666666667,47.0,01:46:00,2025-11-01,378,2025-11-01 01:46:00+00:00,46.31666666666666,23.701666666666668,3.4571666666666663,9.328416666666667,47,01:46:00,2025-11-01,384
47,2025-11-01 01:47:00+00:00,46.11083333333334,23.670833333333334,4.48075,12.872666666666667,48.0,01:47:00,2025-11-01,378,2025-11-01 01:47:00+00:00,46.14833333333333,23.719166666666666,6.57375,17.5635,48,01:47:00,2025-11-01,384
48,2025-11-01 01:48:00+00:00,45.76416666666666,23.68416666666667,8.02275,21.958250000000003,49.0,01:48:00,2025-11-01,378,2025-11-01 01:48:00+00:00,45.75,23.724166666666665,9.6385,29.153499999999998,49,01:48:00,2025-11-01,384
49,2025-11-01 01:49:00+00:00,45.74583333333334,23.6975,14.611666666666666,40.543749999999996,50.0,01:49:00,2025-11-01,378,2025-11-01 01:49:00+00:00,45.81666666666666,23.7325,15.727833333333335,43.259083333333336,50,01:49:00,2025-11-01,384
50,2025-11-01 01:50:00+00:00,45.774166666666666,23.700833333333332,22.640749999999997,66.41258333333333,51.0,01:50:00,2025-11-01,378,2025-11-01 01:50:00+00:00,45.817499999999995,23.75583333333333,27.813416666666665,76.25466666666667,51,01:50:00,2025-11-01,384
51,2025-11-01 01:51:00+00:00,45.74,23.71666666666667,29.613249999999997,76.593,52.0,01:51:00,2025-11-01,378,2025-11-01 01:51:00+00:00,45.70333333333334,23.765,33.48283333333333,87.69808333333333,52,01:51:00,2025-11-01,384
52,2025-11-01 01:52:00+00:00,45.7225,23.73,30.479249999999997,78.72758333333333,53.0,01:52:00,2025-11-01,378,2025-11-01 01:52:00+00:00,45.7525,23.781666666666666,32.75025,84.81700000000001,53,01:52:00,2025-11-01,384
53,2025-11-01 01:53:00+00:00,45.63083333333333,23.742499999999996,39.49633333333333,108.29625,54.0,01:53:00,2025-11-01,378,2025-11-01 01:53:00+00:00,45.653333333333336,23.7825,36.79716666666667,102.721,54,01:53:00,2025-11-01,384
54,2025-11-01 01:54:00+00:00,45.715,23.752499999999998,39.49825,113.16141666666668,55.0,01:54:00,2025-11-01,378,2025-11-01 01:54:00+00:00,45.79333333333333,23.801666666666666,43.004,114.68075,55,01:54:00,2025-11-01,384
55,2025-11-01 01:55:00+00:00,45.7175,23.7675,40.638666666666666,104.42016666666666,56.0,01:55:00,2025-11-01,378,2025-11-01 01:55:00+00:00,45.72333333333333,23.814166666666665,44.628083333333336,114.22699999999999,56,01:55:00,2025-11-01,384
56,2025-11-01 01:56:00+00:00,45.682500000000005,23.776666666666667,38.095666666666666,105.09491666666666,57.0,01:56:00,2025-11-01,378,2025-11-01 01:56:00+00:00,45.70083333333333,23.83583333333333,46.21125,115.37558333333334,57,01:56:00,2025-11-01,384
57,2025-11-01 01:57:00+00:00,45.64166666666667,23.791666666666668,38.2145,97.92766666666667,58.0,01:57:00,2025-11-01,378,2025-11-01 01:57:00+00:00,45.699999999999996,23.84,41.19841666666667,112.77566666666667,58,01:57:00,2025-11-01,384
58,2025-11-01 01:58:00+00:00,45.487500000000004,23.795833333333334,35.798,92.43425,59.0,01:58:00,2025-11-01,378,2025-11-01 01:58:00+00:00,45.33166666666667,23.858333333333334,37.00475,87.29133333333334,59,01:58:00,2025-11-01,384
59,2025-11-01 01:59:00+00:00,45.51916666666667,23.8125,34.482,84.25699999999999,60.0,01:59:00,2025-11-01,378,2025-11-01 01:59:00+00:00,45.4175,23.859166666666667,34.403666666666666,90.2765,60,01:59:00,2025-11-01,384
60,2025-11-01 02:00:00+00:00,45.33583333333333,23.8225,32.12775,83.62275000000001,61.0,02:00:00,2025-11-01,378,2025-11-01 02:00:00+00:00,45.23916666666667,23.871666666666666,32.995583333333336,78.50108333333334,61,02:00:00,2025-11-01,384
61,2025-11-01 02:01:00+00:00,45.40083333333333,23.83083333333333,30.766666666666666,76.86733333333333,62.0,02:01:00,2025-11-01,378,2025-11-01 02:01:00+00:00,45.41416666666667,23.890833333333333,32.44016666666666,75.83775,62,02:01:00,2025-11-01,384
62,2025-11-01 02:02:00+00:00,45.307500000000005,23.837500000000002,31.716333333333335,75.73,63.0,02:02:00,2025-11-01,378,2025-11-01 02:02:00+00:00,45.26666666666667,23.904166666666665,30.899333333333335,74.09358333333334,63,02:02:00,2025-11-01,384
63,2025-11-01 02:03:00+00:00,45.517500000000005,23.848333333333333,29.86583333333333,68.19291666666666,64.0,02:03:00,2025-11-01,378,2025-11-01 02:03:00+00:00,45.54083333333333,23.89833333333333,31.0615,75.09416666666667,64,02:03:00,2025-11-01,384
64,2025-11-01 02:04:00+00:00,45.71333333333333,23.859166666666667,27.87975,68.15541666666667,65.0,02:04:00,2025-11-01,378,2025-11-01 02:04:00+00:00,45.719166666666666,23.918333333333333,31.200166666666664,71.75191666666667,65,02:04:00,2025-11-01,384
65,2025-11-01 02:05:00+00:00,45.5925,23.865,26.534166666666664,58.09258333333333,66.0,02:05:00,2025-11-01,378,2025-11-01 02:05:00+00:00,45.642500000000005,23.921666666666667,31.540916666666664,73.50066666666667,66,02:05:00,2025-11-01,384
66,2025-11-01 02:06:00+00:00,45.655833333333334,23.868333333333336,27.519833333333334,66.82191666666667,67.0,02:06:00,2025-11-01,378,2025-11-01 02:06:00+00:00,45.715833333333336,23.9325,29.42141666666667,66.80366666666667,67,02:06:00,2025-11-01,384
67,2025-11-01 02:07:00+00:00,45.68416666666667,23.877499999999998,25.214583333333334,59.068666666666665,68.0,02:07:00,2025-11-01,378,2025-11-01 02:07:00+00:00,45.66583333333333,23.935000000000002,30.310666666666666,70.74374999999999,68,02:07:00,2025-11-01,384
68,2025-11-01 02:08:00+00:00,45.61416666666667,23.88333333333333,26.098249999999997,56.50333333333333,69.0,02:08:00,2025-11-01,378,2025-11-01 02:08:00+00:00,45.685,23.9475,27.019833333333334,64.26041666666667,69,02:08:00,2025-11-01,384
69,2025-11-01 02:09:00+00:00,45.50416666666666,23.895833333333332,25.906583333333334,57.501749999999994,70.0,02:09:00,2025-11-01,378,2025-11-01 02:09:00+00:00,45.5275,23.94666666666667,28.22875,61.72125,70,02:09:00,2025-11-01,384
70,2025-11-01 02:10:00+00:00,45.60583333333333,23.9025,25.704916666666666,52.91458333333333,71.0,02:10:00,2025-11-01,378,2025-11-01 02:10:00+00:00,45.453333333333326,23.950000000000003,25.57575,52.33175,71,02:10:00,2025-11-01,384
71,2025-11-01 02:11:00+00:00,45.65,23.90833333333333,24.729083333333335,60.93658333333334,72.0,02:11:00,2025-11-01,378,2025-11-01 02:11:00+00:00,45.6,23.964166666666667,27.274833333333333,60.48933333333333,72,02:11:00,2025-11-01,384
72,2025-11-01 02:12:00+00:00,45.596666666666664,23.93166666666667,23.97666666666667,53.35233333333334,73.0,02:12:00,2025-11-01,378,2025-11-01 02:12:00+00:00,45.565,23.963333333333335,24.855083333333337,53.98325,73,02:12:00,2025-11-01,384
73,2025-11-01 02:13:00+00:00,45.6025,23.936666666666667,22.299000000000003,42.43358333333333,74.0,02:13:00,2025-11-01,378,2025-11-01 02:13:00+00:00,45.6475,23.9675,23.43766666666667,54.27658333333333,74,02:13:00,2025-11-01,384
74,2025-11-01 02:14:00+00:00,45.517500000000005,23.945833333333336,22.489500000000003,47.03258333333333,75.0,02:14:00,2025-11-01,378,2025-11-01 02:14:00+00:00,45.541666666666664,23.971666666666668,22.543583333333334,52.70825,75,02:14:00,2025-11-01,384
75,2025-11-01 02:15:00+00:00,45.38583333333333,23.94666666666667,22.663666666666668,47.84508333333333,76.0,02:15:00,2025-11-01,378,2025-11-01 02:15:00+00:00,45.33166666666667,23.980833333333333,21.991416666666666,48.31758333333334,76,02:15:00,2025-11-01,384
76,2025-11-01 02:16:00+00:00,45.265833333333326,23.96166666666667,21.391000000000002,45.0545,77.0,02:16:00,2025-11-01,378,2025-11-01 02:16:00+00:00,45.33166666666667,23.99,21.41241666666667,47.33983333333333,77,02:16:00,2025-11-01,384
77,2025-11-01 02:17:00+00:00,45.37166666666667,23.96083333333333,20.837666666666667,40.81075,78.0,02:17:00,2025-11-01,378,2025-11-01 02:17:00+00:00,45.44833333333333,23.9875,23.794583333333335,54.18516666666667,78,02:17:00,2025-11-01,384
78,2025-11-01 02:18:00+00:00,45.225,23.968333333333334,20.15308333333333,39.02616666666666,79.0,02:18:00,2025-11-01,378,2025-11-01 02:18:00+00:00,45.12583333333333,23.999166666666667,22.040666666666667,49.600833333333334,79,02:18:00,2025-11-01,384
79,2025-11-01 02:19:00+00:00,45.32916666666667,23.984166666666667,19.8255,38.88091666666667,80.0,02:19:00,2025-11-01,378,2025-11-01 02:19:00+00:00,45.354166666666664,23.998333333333335,21.61191666666667,42.96233333333333,80,02:19:00,2025-11-01,384
80,2025-11-01 02:20:00+00:00,45.159166666666664,23.98,20.277416666666667,41.407333333333334,81.0,02:20:00,2025-11-01,378,2025-11-01 02:20:00+00:00,45.214166666666664,23.999166666666667,19.273666666666667,39.717666666666666,81,02:20:00,2025-11-01,384
81,2025-11-01 02:21:00+00:00,45.16083333333333,23.985,19.273833333333332,35.456583333333334,82.0,02:21:00,2025-11-01,378,2025-11-01 02:21:00+00:00,45.22,24.007500000000004,19.851499999999998,42.92225,82,02:21:00,2025-11-01,384
82,2025-11-01 02:22:00+00:00,45.36166666666667,23.989166666666666,18.60275,39.430749999999996,83.0,02:22:00,2025-11-01,378,2025-11-01 02:22:00+00:00,45.48416666666666,24.017500000000002,19.548916666666667,41.61075,83,02:22:00,2025-11-01,384
83,2025-11-01 02:23:00+00:00,45.3125,23.996666666666666,19.033,39.87858333333333,84.0,02:23:00,2025-11-01,378,2025-11-01 02:23:00+00:00,45.340833333333336,24.03,20.073833333333333,42.798833333333334,84,02:23:00,2025-11-01,384
84,2025-11-01 02:24:00+00:00,45.2775,23.995,19.07725,39.778416666666665,85.0,02:24:00,2025-11-01,378,2025-11-01 02:24:00+00:00,45.240833333333335,24.03333333333333,19.003416666666666,37.1055,85,02:24:00,2025-11-01,384
85,2025-11-01 02:25:00+00:00,45.31583333333333,23.992499999999996,18.09808333333333,32.79575,86.0,02:25:00,2025-11-01,378,2025-11-01 02:25:00+00:00,45.40833333333333,24.035,18.485916666666665,34.30383333333334,86,02:25:00,2025-11-01,384
86,2025-11-01 02:26:00+00:00,45.04666666666666,24.006666666666664,18.229166666666668,35.25416666666667,87.0,02:26:00,2025-11-01,378,2025-11-01 02:26:00+00:00,45.165,24.0425,17.85591666666667,34.45425,87,02:26:00,2025-11-01,384
87,2025-11-01 02:27:00+00:00,45.285,24.001666666666665,17.900166666666667,33.93366666666667,88.0,02:27:00,2025-11-01,378,2025-11-01 02:27:00+00:00,45.35333333333333,24.0425,17.615583333333333,35.793,88,02:27:00,2025-11-01,384
88,2025-11-01 02:28:00+00:00,45.185,24.007500000000004,18.316583333333334,38.66425,89.0,02:28:00,2025-11-01,378,2025-11-01 02:28:00+00:00,45.284166666666664,24.045833333333334,16.261916666666668,31.310000000000002,89,02:28:00,2025-11-01,384
89,2025-11-01 02:29:00+00:00,44.979166666666664,24.01,17.963416666666667,36.511,90.0,02:29:00,2025-11-01,378,2025-11-01 02:29:00+00:00,44.817499999999995,24.050833333333333,17.61025,31.057083333333335,90,02:29:00,2025-11-01,384
90,2025-11-01 02:30:00+00:00,45.22833333333333,24.018333333333334,16.738,32.357416666666666,91.0,02:30:00,2025-11-01,378,2025-11-01 02:30:00+00:00,45.30416666666667,24.050833333333333,17.338083333333334,32.86708333333333,91,02:30:00,2025-11-01,384
91,2025-11-01 02:31:00+00:00,45.19583333333333,24.016666666666666,15.994916666666667,30.84691666666667,92.0,02:31:00,2025-11-01,378,2025-11-01 02:31:00+00:00,45.41583333333333,24.064166666666665,15.810083333333333,30.957250000000002,92,02:31:00,2025-11-01,384
92,2025-11-01 02:32:00+00:00,44.99666666666667,24.028333333333336,16.187083333333334,32.31725,93.0,02:32:00,2025-11-01,378,2025-11-01 02:32:00+00:00,44.85166666666667,24.061666666666667,16.068916666666667,31.741833333333332,93,02:32:00,2025-11-01,384
93,2025-11-01 02:33:00+00:00,45.115,24.0325,15.629249999999999,28.581083333333336,94.0,02:33:00,2025-11-01,378,2025-11-01 02:33:00+00:00,45.1025,24.065833333333334,16.602,35.06316666666667,94,02:33:00,2025-11-01,384
94,2025-11-01 02:34:00+00:00,44.987500000000004,24.03,16.077666666666666,31.39408333333333,95.0,02:34:00,2025-11-01,378,2025-11-01 02:34:00+00:00,44.94083333333333,24.0775,15.831000000000001,33.79625,95,02:34:00,2025-11-01,384
95,2025-11-01 02:35:00+00:00,45.15416666666667,24.034166666666668,14.464583333333335,23.527916666666666,96.0,02:35:00,2025-11-01,378,2025-11-01 02:35:00+00:00,45.09916666666667,24.074166666666667,14.698416666666667,25.078916666666668,96,02:35:00,2025-11-01,384
96,2025-11-01 02:36:00+00:00,45.08583333333333,24.036666666666665,13.884583333333333,24.246416666666665,97.0,02:36:00,2025-11-01,378,2025-11-01 02:36:00+00:00,45.041666666666664,24.081666666666667,14.378666666666668,26.290499999999998,97,02:36:00,2025-11-01,384
97,2025-11-01 02:37:00+00:00,44.95916666666667,24.044166666666666,13.859833333333334,24.070333333333334,98.0,02:37:00,2025-11-01,378,2025-11-01 02:37:00+00:00,44.90083333333334,24.076666666666668,14.421916666666666,31.551416666666668,98,02:37:00,2025-11-01,384
98,2025-11-01 02:38:00+00:00,44.9775,24.046666666666667,14.127333333333333,27.43583333333333,99.0,02:38:00,2025-11-01,378,2025-11-01 02:38:00+00:00,44.85833333333333,24.0775,13.054,22.662833333333335,99,02:38:00,2025-11-01,384
99,2025-11-01 02:39:00+00:00,44.89083333333334,24.046666666666667,13.280416666666667,22.898833333333332,100.0,02:39:00,2025-11-01,378,2025-11-01 02:39:00+00:00,44.91833333333333,24.0825,14.584833333333334,25.226,100,02:39:00,2025-11-01,384
100,2025-11-01 02:40:00+00:00,44.92166666666666,24.049999999999997,13.405,22.781916666666664,101.0,02:40:00,2025-11-01,378,2025-11-01 02:40:00+00:00,44.96416666666667,24.084999999999997,14.795333333333334,29.31658333333333,101,02:40:00,2025-11-01,384
101,2025-11-01 02:41:00+00:00,44.835,24.049999999999997,13.466416666666667,24.65733333333333,102.0,02:41:00,2025-11-01,378,2025-11-01 02:41:00+00:00,44.76499999999999,24.08583333333333,12.7635,24.89375,102,02:41:00,2025-11-01,384
102,2025-11-01 02:42:00+00:00,44.97,24.06,13.257666666666667,24.060666666666666,103.0,02:42:00,2025-11-01,378,2025-11-01 02:42:00+00:00,45.064166666666665,24.100833333333338,13.131749999999998,26.838083333333334,103,02:42:00,2025-11-01,384
103,2025-11-01 02:43:00+00:00,44.89416666666667,24.060833333333335,14.694416666666667,27.539666666666665,104.0,02:43:00,2025-11-01,378,2025-11-01 02:43:00+00:00,45.01083333333333,24.10083333333333,12.203416666666667,20.800416666666667,104,02:43:00,2025-11-01,384
104,2025-11-01 02:44:00+00:00,44.88333333333333,24.061666666666667,12.592,21.384583333333335,105.0,02:44:00,2025-11-01,378,2025-11-01 02:44:00+00:00,44.932500000000005,24.096666666666668,14.146749999999999,27.179916666666667,105,02:44:00,2025-11-01,384
105,2025-11-01 02:45:00+00:00,44.81333333333333,24.0625,12.3815,19.928666666666665,106.0,02:45:00,2025-11-01,378,2025-11-01 02:45:00+00:00,44.89833333333333,24.102500000000003,13.197333333333333,25.205583333333333,106,02:45:00,2025-11-01,384
106,2025-11-01 02:46:00+00:00,44.73666666666667,24.064166666666665,12.396833333333333,22.063166666666664,107.0,02:46:00,2025-11-01,378,2025-11-01 02:46:00+00:00,44.6275,24.104166666666668,11.957916666666668,20.04225,107,02:46:00,2025-11-01,384
107,2025-11-01 02:47:00+00:00,44.88916666666666,24.069999999999997,12.437249999999999,22.041416666666667,108.0,02:47:00,2025-11-01,378,2025-11-01 02:47:00+00:00,44.935833333333335,24.111666666666665,12.337083333333334,20.705416666666668,108,02:47:00,2025-11-01,384
108,2025-11-01 02:48:00+00:00,44.81916666666667,24.06583333333333,12.351416666666665,20.666916666666665,109.0,02:48:00,2025-11-01,378,2025-11-01 02:48:00+00:00,44.93833333333333,24.10083333333333,13.188833333333333,23.466916666666666,109,02:48:00,2025-11-01,384
109,2025-11-01 02:49:00+00:00,44.98916666666667,24.061666666666667,11.695583333333333,21.281,110.0,02:49:00,2025-11-01,378,2025-11-01 02:49:00+00:00,45.08833333333334,24.103333333333335,12.006333333333332,23.00883333333333,110,02:49:00,2025-11-01,384
110,2025-11-01 02:50:00+00:00,44.92583333333334,24.0725,10.921083333333334,16.76125,111.0,02:50:00,2025-11-01,378,2025-11-01 02:50:00+00:00,45.01583333333334,24.111666666666668,10.8925,20.5585,111,02:50:00,2025-11-01,384
111,2025-11-01 02:51:00+00:00,44.762499999999996,24.070833333333336,11.774083333333332,20.394416666666668,112.0,02:51:00,2025-11-01,378,2025-11-01 02:51:00+00:00,44.73333333333333,24.106666666666666,10.701416666666667,21.823916666666666,112,02:51:00,2025-11-01,384
112,2025-11-01 02:52:00+00:00,45.017500000000005,24.06833333333333,12.395583333333335,22.704083333333333,113.0,02:52:00,2025-11-01,378,2025-11-01 02:52:00+00:00,44.9975,24.1125,11.421,20.73,113,02:52:00,2025-11-01,384
113,2025-11-01 02:53:00+00:00,45.10833333333333,24.075,11.337833333333334,24.291,114.0,02:53:00,2025-11-01,378,2025-11-01 02:53:00+00:00,45.090833333333336,24.118333333333336,11.281416666666667,19.93625,114,02:53:00,2025-11-01,384
114,2025-11-01 02:54:00+00:00,44.92166666666666,24.0725,10.672416666666665,18.07375,115.0,02:54:00,2025-11-01,378,2025-11-01 02:54:00+00:00,44.840833333333336,24.125833333333333,10.64875,18.460333333333335,115,02:54:00,2025-11-01,384
115,2025-11-01 02:55:00+00:00,44.92250000000001,24.083333333333332,11.085083333333335,17.207416666666667,116.0,02:55:00,2025-11-01,378,2025-11-01 02:55:00+00:00,44.77166666666667,24.120833333333334,10.2065,18.144166666666667,116,02:55:00,2025-11-01,384
116,2025-11-01 02:56:00+00:00,44.942499999999995,24.088333333333335,11.281083333333333,23.68275,117.0,02:56:00,2025-11-01,378,2025-11-01 02:56:00+00:00,44.9925,24.11916666666667,10.349833333333335,16.613666666666667,117,02:56:00,2025-11-01,384
117,2025-11-01 02:57:00+00:00,44.59916666666667,24.078333333333333,10.735750000000001,18.910333333333334,118.0,02:57:00,2025-11-01,378,2025-11-01 02:57:00+00:00,44.76,24.125833333333333,9.945833333333333,16.118583333333333,118,02:57:00,2025-11-01,384
118,2025-11-01 02:58:00+00:00,44.432500000000005,24.081666666666667,9.331083333333334,16.767166666666665,119.0,02:58:00,2025-11-01,378,2025-11-01 02:58:00+00:00,44.43333333333334,24.120833333333334,9.256583333333333,17.671333333333333,119,02:58:00,2025-11-01,384
119,2025-11-01 02:59:00+00:00,44.66583333333333,24.088333333333335,8.565666666666667,15.701749999999999,120.0,02:59:00,2025-11-01,378,2025-11-01 02:59:00+00:00,44.76916666666667,24.126666666666665,10.930166666666667,17.989583333333332,120,02:59:00,2025-11-01,384
120,2025-11-01 03:00:00+00:00,44.8975,24.09166666666667,9.736666666666666,15.378833333333333,121.0,03:00:00,2025-11-01,378,2025-11-01 03:00:00+00:00,44.95249999999999,24.120833333333334,10.130583333333334,17.486916666666666,121,03:00:00,2025-11-01,384
121,2025-11-01 03:01:00+00:00,44.625,24.09,8.706999999999999,12.464833333333333,122.0,03:01:00,2025-11-01,378,2025-11-01 03:01:00+00:00,44.73416666666666,24.1375,9.561166666666667,14.353916666666668,122,03:01:00,2025-11-01,384
122,2025-11-01 03:02:00+00:00,44.71333333333333,24.089166666666667,9.510333333333334,13.914,123.0,03:02:00,2025-11-01,378,2025-11-01 03:02:00+00:00,44.70166666666666,24.135,8.860083333333334,12.996250000000002,123,03:02:00,2025-11-01,384
123,2025-11-01 03:03:00+00:00,44.57583333333333,24.08583333333333,8.877583333333334,13.03375,124.0,03:03:00,2025-11-01,378,2025-11-01 03:03:00+00:00,44.70249999999999,24.140833333333333,8.978416666666666,13.681416666666665,124,03:03:00,2025-11-01,384
124,2025-11-01 03:04:00+00:00,44.44416666666666,24.087500000000002,7.763833333333333,11.612166666666667,125.0,03:04:00,2025-11-01,378,2025-11-01 03:04:00+00:00,44.48499999999999,24.145,8.643666666666666,16.500249999999998,125,03:04:00,2025-11-01,384
125,2025-11-01 03:05:00+00:00,44.55916666666667,24.089166666666667,8.785333333333334,13.290333333333331,126.0,03:05:00,2025-11-01,378,2025-11-01 03:05:00+00:00,44.645833333333336,24.14,9.330333333333334,15.417916666666668,126,03:05:00,2025-11-01,384
126,2025-11-01 03:06:00+00:00,44.46666666666667,24.0925,7.924083333333333,13.239583333333334,127.0,03:06:00,2025-11-01,378,2025-11-01 03:06:00+00:00,44.520833333333336,24.146666666666665,8.183916666666667,14.618166666666667,127,03:06:00,2025-11-01,384
127,2025-11-01 03:07:00+00:00,44.67250000000001,24.083333333333332,7.89725,13.143833333333333,128.0,03:07:00,2025-11-01,378,2025-11-01 03:07:00+00:00,44.663333333333334,24.1525,8.97625,15.277416666666667,128,03:07:00,2025-11-01,384
128,2025-11-01 03:08:00+00:00,44.37916666666666,24.093333333333334,8.3315,13.56575,129.0,03:08:00,2025-11-01,378,2025-11-01 03:08:00+00:00,44.354166666666664,24.140833333333333,8.538166666666667,16.094833333333334,129,03:08:00,2025-11-01,384
129,2025-11-01 03:09:00+00:00,44.63583333333333,24.09166666666667,8.214833333333333,12.217999999999998,130.0,03:09:00,2025-11-01,378,2025-11-01 03:09:00+00:00,44.72416666666667,24.14916666666667,7.6555,11.586666666666666,130,03:09:00,2025-11-01,384
130,2025-11-01 03:10:00+00:00,44.57583333333333,24.093333333333334,7.9575,12.3555,131.0,03:10:00,2025-11-01,378,2025-11-01 03:10:00+00:00,44.586666666666666,24.145833333333332,8.297333333333333,13.223083333333333,131,03:10:00,2025-11-01,384
131,2025-11-01 03:11:00+00:00,44.5075,24.0975,7.393,11.839166666666666,132.0,03:11:00,2025-11-01,378,2025-11-01 03:11:00+00:00,44.58083333333334,24.155833333333334,7.577749999999999,11.22425,132,03:11:00,2025-11-01,384
132,2025-11-01 03:12:00+00:00,44.585,24.099999999999998,7.541833333333333,11.173499999999999,133.0,03:12:00,2025-11-01,378,2025-11-01 03:12:00+00:00,44.62916666666666,24.156666666666666,7.623083333333334,11.352166666666667,133,03:12:00,2025-11-01,384
133,2025-11-01 03:13:00+00:00,44.30583333333333,24.100833333333338,7.728583333333333,10.909833333333333,134.0,03:13:00,2025-11-01,378,2025-11-01 03:13:00+00:00,44.248333333333335,24.151666666666667,7.504666666666666,11.057333333333332,134,03:13:00,2025-11-01,384
134,2025-11-01 03:14:00+00:00,44.37166666666667,24.0975,8.087833333333334,15.510333333333334,135.0,03:14:00,2025-11-01,378,2025-11-01 03:14:00+00:00,44.29416666666666,24.161666666666665,8.118916666666665,13.366833333333334,135,03:14:00,2025-11-01,384
135,2025-11-01 03:15:00+00:00,44.392500000000005,24.099166666666665,7.548583333333333,13.510666666666665,136.0,03:15:00,2025-11-01,378,2025-11-01 03:15:00+00:00,44.54416666666666,24.166666666666668,8.000916666666667,11.627416666666667,136,03:15:00,2025-11-01,384
136,2025-11-01 03:16:00+00:00,44.28583333333333,24.098333333333333,7.826999999999999,12.193916666666667,137.0,03:16:00,2025-11-01,378,2025-11-01 03:16:00+00:00,44.35833333333333,24.1675,6.834499999999999,9.834999999999999,137,03:16:00,2025-11-01,384
137,2025-11-01 03:17:00+00:00,44.49666666666667,24.10166666666667,7.100583333333333,9.858333333333333,138.0,03:17:00,2025-11-01,378,2025-11-01 03:17:00+00:00,44.5925,24.165833333333335,8.009500000000001,13.460583333333332,138,03:17:00,2025-11-01,384
138,2025-11-01 03:18:00+00:00,44.2125,24.102500000000003,6.776416666666667,10.654,139.0,03:18:00,2025-11-01,378,2025-11-01 03:18:00+00:00,44.105,24.161666666666665,7.044,10.729583333333332,139,03:18:00,2025-11-01,384
139,2025-11-01 03:19:00+00:00,44.56166666666667,24.099166666666665,6.697916666666667,9.164333333333333,140.0,03:19:00,2025-11-01,378,2025-11-01 03:19:00+00:00,44.45166666666666,24.165833333333335,6.27075,9.909,140,03:19:00,2025-11-01,384
140,2025-11-01 03:20:00+00:00,44.49916666666667,24.093333333333334,6.453749999999999,9.896666666666667,141.0,03:20:00,2025-11-01,378,2025-11-01 03:20:00+00:00,44.43833333333333,24.168333333333333,5.978583333333333,9.23275,141,03:20:00,2025-11-01,384
141,2025-11-01 03:21:00+00:00,44.30583333333333,24.103333333333335,6.875666666666667,11.829333333333333,142.0,03:21:00,2025-11-01,378,2025-11-01 03:21:00+00:00,44.42916666666667,24.174166666666668,6.401916666666668,10.243333333333334,142,03:21:00,2025-11-01,384
142,2025-11-01 03:22:00+00:00,44.24,24.098333333333333,6.945,10.137583333333334,143.0,03:22:00,2025-11-01,378,2025-11-01 03:22:00+00:00,44.16416666666667,24.175,6.6299166666666665,10.041583333333334,143,03:22:00,2025-11-01,384
143,2025-11-01 03:23:00+00:00,44.37416666666667,24.098333333333333,6.28575,8.871166666666667,144.0,03:23:00,2025-11-01,378,2025-11-01 03:23:00+00:00,44.453333333333326,24.170833333333334,6.284916666666667,8.901,144,03:23:00,2025-11-01,384
144,2025-11-01 03:24:00+00:00,44.399166666666666,24.096666666666664,6.629416666666667,10.3385,145.0,03:24:00,2025-11-01,378,2025-11-01 03:24:00+00:00,44.4075,24.17833333333333,6.490749999999999,9.757583333333335,145,03:24:00,2025-11-01,384
145,2025-11-01 03:25:00+00:00,44.19,24.099166666666665,5.7945,8.168833333333334,146.0,03:25:00,2025-11-01,378,2025-11-01 03:25:00+00:00,44.1575,24.17,6.271166666666667,9.975666666666667,146,03:25:00,2025-11-01,384
146,2025-11-01 03:26:00+00:00,44.38999999999999,24.102500000000003,5.575166666666667,8.04875,147.0,03:26:00,2025-11-01,378,2025-11-01 03:26:00+00:00,44.30416666666667,24.17916666666667,5.984749999999999,8.793583333333332,147,03:26:00,2025-11-01,384
147,2025-11-01 03:27:00+00:00,44.3025,24.100833333333338,6.308666666666667,9.811166666666667,148.0,03:27:00,2025-11-01,378,2025-11-01 03:27:00+00:00,44.350833333333334,24.173333333333332,5.4390833333333335,8.363333333333333,148,03:27:00,2025-11-01,384
148,2025-11-01 03:28:00+00:00,44.10999999999999,24.095,5.297083333333333,7.374083333333334,149.0,03:28:00,2025-11-01,378,2025-11-01 03:28:00+00:00,43.895833333333336,24.17916666666667,4.700333333333334,6.510416666666667,149,03:28:00,2025-11-01,384
149,2025-11-01 03:29:00+00:00,44.26,24.10166666666667,5.705666666666667,8.038083333333333,150.0,03:29:00,2025-11-01,378,2025-11-01 03:29:00+00:00,44.218333333333334,24.179166666666664,5.559166666666667,7.722916666666666,150,03:29:00,2025-11-01,384
150,2025-11-01 03:30:00+00:00,44.20083333333333,24.09,5.7475,7.201416666666667,151.0,03:30:00,2025-11-01,378,2025-11-01 03:30:00+00:00,44.215833333333336,24.18416666666667,6.270416666666667,8.146833333333333,151,03:30:00,2025-11-01,384
151,2025-11-01 03:31:00+00:00,44.38999999999999,24.0925,5.832166666666667,8.7355,152.0,03:31:00,2025-11-01,378,2025-11-01 03:31:00+00:00,44.31833333333333,24.17916666666667,5.038583333333333,7.168666666666667,152,03:31:00,2025-11-01,384
152,2025-11-01 03:32:00+00:00,44.345,24.09583333333333,5.662333333333334,7.455583333333333,153.0,03:32:00,2025-11-01,378,2025-11-01 03:32:00+00:00,44.384166666666665,24.1825,5.227916666666666,7.245916666666666,153,03:32:00,2025-11-01,384
153,2025-11-01 03:33:00+00:00,44.17416666666667,24.096666666666664,5.541083333333333,7.293833333333333,154.0,03:33:00,2025-11-01,378,2025-11-01 03:33:00+00:00,44.046666666666674,24.1775,6.130416666666666,8.895,154,03:33:00,2025-11-01,384
154,2025-11-01 03:34:00+00:00,44.248333333333335,24.0975,5.3613333333333335,7.951666666666667,155.0,03:34:00,2025-11-01,378,2025-11-01 03:34:00+00:00,44.36000000000001,24.1825,4.822333333333334,6.646583333333333,155,03:34:00,2025-11-01,384
155,2025-11-01 03:35:00+00:00,43.939166666666665,24.098333333333333,5.848333333333334,8.012333333333332,156.0,03:35:00,2025-11-01,378,2025-11-01 03:35:00+00:00,44.01499999999999,24.175833333333333,4.229833333333334,5.782416666666666,156,03:35:00,2025-11-01,384
156,2025-11-01 03:36:00+00:00,44.199999999999996,24.098333333333333,5.028666666666667,6.697,157.0,03:36:00,2025-11-01,378,2025-11-01 03:36:00+00:00,43.975833333333334,24.179166666666664,4.937583333333333,6.4135,157,03:36:00,2025-11-01,384
157,2025-11-01 03:37:00+00:00,44.26416666666666,24.10083333333333,5.515083333333333,9.305583333333333,158.0,03:37:00,2025-11-01,378,2025-11-01 03:37:00+00:00,44.1575,24.1775,5.21975,7.672,158,03:37:00,2025-11-01,384
158,2025-11-01 03:38:00+00:00,43.935833333333335,24.096666666666668,6.169833333333333,9.266416666666666,159.0,03:38:00,2025-11-01,378,2025-11-01 03:38:00+00:00,43.98,24.175,5.114833333333333,8.179166666666667,159,03:38:00,2025-11-01,384
159,2025-11-01 03:39:00+00:00,44.068333333333335,24.0975,5.043833333333334,7.419083333333333,160.0,03:39:00,2025-11-01,378,2025-11-01 03:39:00+00:00,44.225,24.175833333333333,4.72225,6.993333333333333,160,03:39:00,2025-11-01,384
160,2025-11-01 03:40:00+00:00,44.2175,24.105833333333333,5.39725,8.033666666666667,161.0,03:40:00,2025-11-01,378,2025-11-01 03:40:00+00:00,44.26416666666666,24.1775,4.933666666666666,6.555416666666666,161,03:40:00,2025-11-01,384
161,2025-11-01 03:41:00+00:00,44.25583333333333,24.104166666666668,4.384916666666666,5.4695,162.0,03:41:00,2025-11-01,378,2025-11-01 03:41:00+00:00,44.23499999999999,24.173333333333332,4.4013333333333335,5.948416666666667,162,03:41:00,2025-11-01,384
162,2025-11-01 03:42:00+00:00,44.333333333333336,24.103333333333335,4.4639999999999995,6.447583333333333,163.0,03:42:00,2025-11-01,378,2025-11-01 03:42:00+00:00,44.32333333333333,24.16333333333333,4.1924166666666665,5.636500000000001,163,03:42:00,2025-11-01,384
163,2025-11-01 03:43:00+00:00,44.34,24.105833333333333,4.145583333333334,5.402833333333334,164.0,03:43:00,2025-11-01,378,2025-11-01 03:43:00+00:00,44.280833333333334,24.175833333333333,4.74475,7.093416666666666,164,03:43:00,2025-11-01,384
164,2025-11-01 03:44:00+00:00,44.26333333333333,24.10166666666667,5.02025,8.562416666666666,165.0,03:44:00,2025-11-01,378,2025-11-01 03:44:00+00:00,44.20166666666666,24.166666666666668,5.037083333333333,7.3645,165,03:44:00,2025-11-01,384
165,2025-11-01 03:45:00+00:00,44.27166666666667,24.105833333333333,4.859666666666667,6.297999999999999,166.0,03:45:00,2025-11-01,378,2025-11-01 03:45:00+00:00,44.26083333333333,24.163333333333338,4.916416666666667,7.621166666666667,166,03:45:00,2025-11-01,384
166,2025-11-01 03:46:00+00:00,44.36083333333334,24.10666666666667,4.549416666666667,5.80675,167.0,03:46:00,2025-11-01,378,2025-11-01 03:46:00+00:00,44.346666666666664,24.165833333333335,4.571000000000001,7.483583333333333,167,03:46:00,2025-11-01,384
167,2025-11-01 03:47:00+00:00,43.81666666666666,24.099166666666665,4.762833333333333,9.253583333333333,168.0,03:47:00,2025-11-01,378,2025-11-01 03:47:00+00:00,43.805,24.16916666666667,4.28975,5.709416666666667,168,03:47:00,2025-11-01,384
168,2025-11-01 03:48:00+00:00,44.1575,24.106666666666666,4.763083333333333,6.381333333333333,169.0,03:48:00,2025-11-01,378,2025-11-01 03:48:00+00:00,44.30833333333334,24.16416666666667,4.267416666666667,6.0169999999999995,169,03:48:00,2025-11-01,384
169,2025-11-01 03:49:00+00:00,44.36416666666667,24.0975,4.411333333333333,5.81375,170.0,03:49:00,2025-11-01,378,2025-11-01 03:49:00+00:00,44.29750000000001,24.16333333333333,4.366833333333333,9.673916666666667,170,03:49:00,2025-11-01,384
170,2025-11-01 03:50:00+00:00,44.17416666666667,24.105833333333333,4.552333333333333,6.28275,171.0,03:50:00,2025-11-01,378,2025-11-01 03:50:00+00:00,44.1325,24.155833333333334,4.054416666666667,6.03875,171,03:50:00,2025-11-01,384
171,2025-11-01 03:51:00+00:00,44.155,24.109166666666667,4.5616666666666665,6.4433333333333325,172.0,03:51:00,2025-11-01,378,2025-11-01 03:51:00+00:00,44.23916666666667,24.161666666666665,4.209333333333333,5.7677499999999995,172,03:51:00,2025-11-01,384
172,2025-11-01 03:52:00+00:00,44.196666666666665,24.113333333333333,4.338583333333333,5.971666666666667,173.0,03:52:00,2025-11-01,378,2025-11-01 03:52:00+00:00,44.29833333333334,24.150833333333335,4.513,5.7545,173,03:52:00,2025-11-01,384
173,2025-11-01 03:53:00+00:00,44.27583333333333,24.102500000000003,4.120833333333334,5.135916666666667,174.0,03:53:00,2025-11-01,378,2025-11-01 03:53:00+00:00,44.237500000000004,24.155833333333334,3.74675,4.755166666666667,174,03:53:00,2025-11-01,384
174,2025-11-01 03:54:00+00:00,44.1175,24.109166666666667,4.711916666666666,5.951666666666667,175.0,03:54:00,2025-11-01,378,2025-11-01 03:54:00+00:00,44.20166666666666,24.1525,4.008583333333333,5.0754166666666665,175,03:54:00,2025-11-01,384
175,2025-11-01 03:55:00+00:00,44.034166666666664,24.10666666666667,3.83,4.68675,176.0,03:55:00,2025-11-01,378,2025-11-01 03:55:00+00:00,44.05416666666667,24.159166666666668,3.623666666666667,4.806166666666667,176,03:55:00,2025-11-01,384
176,2025-11-01 03:56:00+00:00,44.193333333333335,24.110833333333332,3.863583333333333,5.150666666666667,177.0,03:56:00,2025-11-01,378,2025-11-01 03:56:00+00:00,44.5025,24.15833333333333,3.950833333333333,5.7059999999999995,177,03:56:00,2025-11-01,384
177,2025-11-01 03:57:00+00:00,44.12583333333333,24.105833333333333,3.4485833333333336,7.218083333333333,178.0,03:57:00,2025-11-01,378,2025-11-01 03:57:00+00:00,44.31666666666666,24.166666666666668,3.4425000000000003,4.46725,178,03:57:00,2025-11-01,384
178,2025-11-01 03:58:00+00:00,44.35666666666666,24.118333333333336,3.9775833333333335,5.399166666666666,179.0,03:58:00,2025-11-01,378,2025-11-01 03:58:00+00:00,44.4675,24.165833333333335,3.3175833333333333,7.122916666666666,179,03:58:00,2025-11-01,384
179,2025-11-01 03:59:00+00:00,43.9,24.115,4.109666666666667,6.8035,180.0,03:59:00,2025-11-01,378,2025-11-01 03:59:00+00:00,43.843333333333334,24.17,3.8505000000000003,4.8990833333333335,180,03:59:00,2025-11-01,384
180,,,,,,,,,,2025-11-01 04:00:00+00:00,43.09,24.18,2.139,2.421,181,04:00:00,2025-11-01,384
